title,date,link,content
"Gerindra Optimis Banget, Buwas Kalahkan Ahok di Pilgub DKI","2016-07-12 05:47:00",http://fajar.co.id/2016/07/12/gerindra-optimis-banget-buwas-kalahkan-ahok-di-pilgub-dki/,"FAJAR.CO.ID, JAKARTA - Wakil Ketua Umum Partai Gerindra Arief Poyuono yakin Komjen Budi Waseso akan mengalahkan calon petahana Basuki Tjahaja Purnama alias Ahok di Pilkada DKI Jakarta 2017.Menurut Arief, tingkat popularitas Kepala Badan Narkotika Nasional (BNN) itu melampaui Gubernur Ahok.""Jika Budi Waseso dimajukan sudah dipastikan akan mengalahkan Ahok dengan mudah,"" ujar Wakil Ketua Umum Partai Gerindra Arief Poyuono di Jakarta, Senin (11/7).Arief melihat sosok perwira Polri yang akrab disapa Komjen Buwas tersebut adalah kader anak bangsa yang bersih, tegas dan punya strong leadership. Buwas merupakan sosok pemimpin yang sangat dibutuhkan untuk pembangunan Jakarta.Selain itu, Buwas juga sangat dikenal oleh warga ibu kota sebagai penegak hukum yang tidak pandang bulu dalam mengatasi tindak pidana kejahatan.Namun begitu, dia mengaku jika Ketua Umum DPP Partai Gerindra Prabowo Subianto belum memutuskan nama bakal calon gubernur yang akan diusung oleh Gerindra di Pilkada DKI 2017 mendatang.""Jadi tunggu sajalah, pasti pilihan Pak Prabowo yang akan menang di Pilgub DKI Jakarta,"" tegas Arief. (wah/rmol)"
"Dua Minggu Lagi PDIP Umumkan Jagoannya di Pilgub DKI Jakarta","2016-07-12 14:37:00",http://fajar.co.id/2016/07/12/dua-minggu-lagi-pdip-umumkan-jagoannya-di-pilgub-dki-jakarta/,"FAJAR.CO.ID, JAKARTA - Dua minggu ke depan menjadi saat yang mendebarkan bagi seluruh bakal calon gubernur yang akan maju dalam Pilgub DKI 2017. Nasib mereka segera ditentukan. Yakni, dapat perahu atau tidak. Hanya petahana Basuki Tjahaja Purnama (Ahok) yang sudah aman dalam hal ini. Di antara sekian banyak nama yang pernah disebut sejak awal tahun ini, beberapa saja yang masih bertahan dalam perbincangan publik. Di antaranya Yusril Ihza Mahendra, Sandiaga Uno, Abraham Lunggana, Sjafrie Sjamsoeddin, Budi Waseso, Djarot Saiful Hidajat, Saefullah, dan Boy Sadikin. Ada juga tokoh-tokoh luar daerah yang namanya masih diperbincangkan meski yang bersangkutan tidak secara langsung melaksanakan sosialisasi. Misalnya, Tri Rismaharini, wali kota Surabaya.Partai-partai sudah mengisyaratkan akan mendeklarasikan pasangan calon dalam waktu dekat. Termasuk PDIP. Partai tersebut diperkirakan mengumumkan pasangan calon yang diusung dalam dua minggu ke depan. ""Minggu ini atau dua minggu lagi mungkin,"" kata salah seorang bakal calon gubernur yang mendaftar ke PDIP, Edysa Girsang. Belum ada informasi yang pasti. Namun, menurut Edysa, komunikasi di internal tampak makin serius meski dari luar terlihat tenang. ""Sebagai warga Jakarta, saya berharap PDIP melahirkan pemimpin berjiwa nasional yang tahu tujuan bangsa ini serta tahu cara mencapainya,"" tutur ketua umum Brisan Relawan Nasional (BRN), salah satu elemen pendukung Joko Widodo tersebut. Sementara itu, para pengurus PDIP tampaknya sudah kompak tutup mulut soal perkembangan penyaringan. Termasuk kemungkinan keluarnya keputusan Ketua Umum Megawati Soekarno Putri. ""Belum, belum,"" kata Ketua DPP DPIP Bidang Pembangunan Manusia Andreas Hugo Pareira. Yang sudah memilih, antara lain, pengurus DPD Gerindra DKI dan DPW PDK DKI. Pilihannya adalah Sjafrie Sjamsoeddin yang dianggap cocok dipasangkan dengan beberapa tokoh. Misalnya, Sandiaga Uno. "" Mekanisme partai sudah berjalan. Tinggal menunggu keputusan pusat,"" tutur Ketua DPW PKS DKI Syakir Purnomo.Partai Demokrat, PKB, PAN, dan PPP belum menentukan pilihan. Namun, bisa dipastikan, nama-nama yang dipertimbangkan partai-partai tersebut tak lain adalah yang masih bertahan dalam perbincangan publik. Salah satunya, Yusril. Dia termasuk yang paling militan dalam menjalankan sosialisasi. Itulah bentuk keseriusan mereka dalam menjalani penjaringan dan penyaringan. ""Kalau terpilih, salah satu yang saya siapkan adalah para volunter. Mereka akan tergabung dalam sebuah tim,"" kata Yusril membocorkan salah satu bagian rencananya. (ydh/co3/ilo/ai)"
"Adian Nilai Cerita TemanAhok Sangat dekat Dengan Kebohongan","2016-07-12 19:36:00",http://fajar.co.id/2016/07/12/adian-nilai-cerita-temanahok-sangat-dekat-dengan-kebohongan/,"FAJAR.CO.ID, JAKARTA - Politikus PDI Perjuangan, Adian Napitulu mengatakan Teman Ahok yang diyakini akan bisa membantu perjalanan karier politik Basuki Tjahaja Purnama untuk bisa kembali menjabat sebagai gubernur DKI Jakarta tidak banyak membantu.Bahkan menurutnya, keberadaan Teman Ahok hanya akan menjadi blunder politik. ""Perjalanan Teman Ahok sepertinya akan antiklimaks dan menciptakan blunder baru bagi Ahok,"" kata Adian dalam keterangan persnya, Selasa (12/7).Blunder yang dimaksud Adian yang dilakukan Teman Ahok adalah dibangunnya cerita yang tak masuk nalar mulai dari dana yang digunakan untuk mengumpulkan KTP yang dijadikan dukungan maju sebagai calon independen.""Cerita anak muda yang tidak mengerti bisnis tapi tiba-tiba sanggup mengelola modal Rp 500 juta menjadi berlipat 1300 persen dalam waktu 1 tahun tentu cerita yang sangat heroik,"" katanya.Adian mengatakan, cerita itu baru daru sisi anggaran. Dari pengumpulan KTP juga dianggapnya tak masuk akal.""Anak muda yang mengumpulkan 770.000 KTP dalam 8 bulan lalu dibakar, kemudian mengumpulkan lagi 1 juta KTP baru lengkap dengan formulir bertanda tangan hanya dalam waktu 90 hari tentu cerita yang amat sangat heroik. Dua cerita yang heroik luar biasa itu tentu sangat dekat dengan kebohongan,"" katanya.Adian melanjutkan, Teman Ahok lalu merayakan perolehan 1 juta KTP pada 20 Juni 2016. ""Tapi lucunya hitung manual baru mereka lakukan 29 juni, 9 hari kemudian. Nah lho, mana yang bohong, perayaannya yang bohong atau hitung manualnya yang bohong?"" tanyanya.Dari situasi ini, Adian pun menyebut Ahok mengibaratkan seperti buah simalakama telah dipetik, tak mungkin di rekat lagi ketangkainya. ""Dimakan, ibu mati, tidak dimakan, bapak yang mati. 1 juta KTP sudah diklaim, sulit meralatnya, walau aneh, kok bisa Ahok justru menjadi ragu ketika 1 juta KTP dari syarat minimal 525.000 KTP justeru sudah ada,"" ucapnya.Sejauh ini, Ahok memang belum menentukan pilihan maju dengan sebagai calon independen atau lewat partai meski sudah memenuhi dukungan dari Nasdem, Golkar, dan Hanura.Kondisi ini pun juga dianggap Adian akan menjadi blunder. ""Ahok mulai berfikir ikut jalur partai justru disaat klaim 1 juta KTP sudah dibuatkan pestanya. Blunder! Keraguan Ahok menular dan membuat rakyat berpikir, kenapa harus ragu jika dari 1 juta KTP itu tidak ada yang palsu,"" katanya.Namun, Adian pernah ditantang ikut melakukan verifikasi terhadap KTP yang sudah dikumpulkan Teman Ahok. Undangan itu ditolak dengan alasan hanya membuang-buang waktu untuk hal yang tak diketahuinya.""Bagaimana mungkin saya membuang waktu selama lima atau enam jam hanya untuk duduk dan mendengar paparan dari kesimpulan sebuah cerita yang tidak saya ikuti langsung prosesnya setiap hari. Saya tidak mau buang waktu untuk menyaksikan pengujian yang dilakukan dengan sample random melalui telepon, karena sudah lama saya tidak lagi berminat bermain tebak-tebak buah manggis,"" ujar Adian. (jpg)"
"Ahok Maju Lewat Jalur Parpol, Adian: TemanAhok Harus Muka Tembok","2016-07-12 20:26:00",http://fajar.co.id/2016/07/12/ahok-maju-lewat-jalur-parpol-adian-temanahok-harus-muka-tembok/,"FAJAR.CO.ID, JAKARTA - Gubernur DKI Jakarta Basuki Tjahaja Purnama alias Ahok belum memastikan apakah memilih jalur partai atau jalur independen pada Pilgub 2017 nanti.Politikus PDIP Adian Napitupulu mengatakan, saat ini Ahok telah didukung oleh Teman Ahok dan beberapa partai untuk diusung melalui jalur perseorangan. Namun, mantan Bupati Belitung Timur itu bisa saja berpaling dan ikut jalur partai politik.Setidaknya, kata dia, ada satu modal yang harus dimiliki Teman Ahok dan ada empat cara yang harus dipilih oleh mereka ketika Ahok memutuskan memilih jalur parpol.""Modal yang harus dimiliki Teman Ahok adalah mengubah wajahnya menjadi muka tembok yang tahan malu. Persis seperti muka tembok politisi yang selama ini mereka benci dan caci maki,"" ujarnya dalam keterangan tertulis, Selasa (12/7).Setelah mengubah wajahnya menjadi muka tembok, lanjut dia, Teman Ahok harus memilih satu dari empat cara berikut ini:Lebih jauh mantan Aktivis '98 itu menyebutkan, dari pilihan-pilihan tersebut, yang pasti menjadi korban adalah rakyat karena sudah mempercayakan KTP mereka kepada Teman Ahok. ""Yang pasti menjadi korban adalah demokrasi yang konon diperjuangkan oleh Teman Ahok,"" tandas dia. (uya/JPG)"
"Jalur Parpol atau Independen? Ahok: Kayak Naik Mercedes Sama Bus","2016-07-12 20:46:00",http://fajar.co.id/2016/07/12/jalur-parpol-atau-independen-ahok-kayak-naik-mercedes-sama-bus/,"FAJAR.CO.ID, JAKARTA - Akhir pekan ini, calon petahana Gubernur DKI Jakarta, Basuki Tjahaja Purnama (Ahok) ingin jumpa dengan relawannya, Teman Ahok. Tujuannya, untuk berbicara mengenai jalur yang akan ditempuh dalam pemilihan kepala daerah (pilkada) DKI Jakarta 2017.""Saya belum sempat ketemu Teman Ahok. Mungkin Sabtu atau kapan. Kita akan tanya pikirannya seperti apa,"" ungkap Ahok di Balai Kota DKI, Jakarta Pusat, Selasa (12/7).Meski Teman Ahok pernah mengatakan akan mendukung segala keputusan dirinya maju melalui jalur apapun, Ahok tetap akan melakukan komunikasi dengan relawannya yang kebanyakan anak muda tersebut. ""Kan saya mesti tanya, mereka lebih kurangnya apa, maunya gimana,"" tambahnya.Ahok secara tegas menyebut Kepala Badan Pengelola Keuangan Aset Daerah (BPKAD) DKI Jakarta, Heru Budi Hartono sebagai wakilnya di Pilkada 2017. Ketika disinggung apakah yang menurutnya membedakan jalur partai dengan independen, Ahok mengilustrasikan layaknya kendaraan.""Ya kayak naik mercedes sama bus saja. Makanya gak tahu saya,"" kata Ahok sambil berlalu menuju ruangannya. Seperti diberitakan sebelumnya, pada Senin (11/7) kemarin Ahok berkilah ketika ditanya kepastiannya akan maju melalui jalur apa. ""Saya bilang lebaran diumumkan. Kan abis lebaran, kalau di kampung saya lebaran sepanjang bulan Syawal,"" ungkap mantan Bupati Belitung Timur ini.""Sepanjang bulan Syawal minal aidzin wal faidzin,"" lanjutnya berkilah. (sam/rmol/jpnn)"
"Menagih Janji Ahok Putuskan Jalur yang Dipilihnya pada Pilkada...","2016-07-12 07:37:00",http://megapolitan.kompas.com/read/xml/2016/07/12/07370001/menagih.janji.ahok.putuskan.jalur.yang.dipilihnya.pada.pilkada.,"JAKARTA, KOMPAS.com - Hingga kini, calon petahana Basuki Tjahaja Purnama belum juga mengumumkan jalur yang akan ia tempuh dalam mengikuti Pemilihan Kepala Daerah (Pilkada) DKI Jakarta 2017.Basuki atau Ahok sebelumnya tegas mengatakan akan maju melalui jalur perseorangan dengan dukungan ""Teman Ahok"".Namun, setelah ""Teman Ahok"" berhasil mengumpulkan satu juta data KTP, Ahok justru tampak bimbang.(Baca juga: Kata Ahok soal Keputusannya Maju Pilkada DKI 2017)Sebab, di sisi lain, ia juga mengantongi dukungan tiga partai politik, yakni Partai Nasdem, Hanura, dan Golkar.Ia pun sempat berjanji akan mendeklarasikan diri setelah hari raya Idul Fitri 1437 Hijriah. Namun hingga Senin (11/7/2016), Ahok belum memutuskan jalur yang dipilihnya. Sulitnya verifikasi dukungan untuk bakal calon perseorangan seperti yang diatur dalam revisi UU Pilkada membuat Ahok galau akan menempuh jalur tersebut atau memilih jalan tol dengan dukungan partai pada Pilkada DKI Jakarta 2017.""Saya bilang (jalur yang akan ditempuh pada Pilkada DKI 2017) diumumkan kan habis Lebaran. Kalau di kampung saya, sepanjang bulan Syawal itu adalah (masih) Lebaran,"" kata dia, di Balai Kota DKI Jakarta, Senin (11/7/2016).Ia enggan mengomentari lebih detail perihal itu. Ahok sebelumnya sempat berujar akan memutuskan pencalonannya setelah makan ketupat di kampung halamannya, Belitung Timur.Tunggu rekapitulasi KTP Untuk membahas pencalonannya, Ahok berulang kali bertemu dengan petinggi partai politik pendukungnya dan bertemu dengan Teman Ahok.Sejauh ini, pertemuan itu tak juga menghasilkan keputusan mengenai jalur apa yang akan ditempuh Ahok untuk maju Pilkada DKI 2017.Ahok sebelumnya menyampaikan bahwa ia akan menunggu Teman Ahok selesai merekapitulasi 1 juta data KTP.""Kami tunggu mereka dulu, supaya menghargai mereka. Kami sepakat tunggu mereka dulu, mereka minta waktu sampai (rekapitulasi) 1 juta,"" kata Ahok.(Baca juga: Kata Ahok soal Keputusannya Maju Pilkada DKI 2017)Ia meminta pendukungnya membuktikan keraguan beberapa pihak akan 1 juta data KTP yang dikumpulkan Teman Ahok.Kini, Teman Ahok selesai merekapitulasi 1 juta data KTP. Dalam proses rekapitulasi itu, Teman Ahok bahkan mengundang pihak-pihak yang meragukan pengumpulan data 1 juta KTP.Ditagih Teman AhokSalah satu pendiri Teman Ahok, Singgih Widyastomo pun menagih janji Ahok untuk mengumumkan jalur yang akan dipilihnya pada Pilkada DKI 2017. ""Kami menargetkan jawaban tersebut sampai Idul Fitri. Setelah Idul Fitri, kami akan menagih keputusan itu lagi ke Bapak,"" kata Singgih.Hal itu dilakukan agar mereka bisa segera menentukan proses selanjutnya yang harus dilakukan, Seperti pencetakan penggandaan formulir.(Baca juga: ""Teman Ahok"" Tagih Keputusan Jalur Pilkada Ahok Usai Lebaran)Belakangan, Teman Ahok menyatakan kesiapan mereka untuk bekerja sama dengan partai politik pendukung Ahok.""Teman Ahok siap bekerja sama dengan seluruh pihak dengan satu syarat, yaitu memiliki Tujuan -yang sama. Dengan relawan-relawan lain, dengan partai-partai politik, selama semuanya mendukung Ahok tanpa syarat dan utang politik,"" ujar Singgih.Kompas TV Ahok Segera Putuskan Jalur Partai atau Independen"
"Upaya Pemprov DKI Kurangi PNS yang Terlampau Banyak","2016-07-12 08:24:00",http://megapolitan.kompas.com/read/xml/2016/07/12/08244141/upaya.pemprov.dki.kurangi.pns.yang.terlampau.banyak,"JAKARTA, KOMPAS.com - Wakil Gubernur DKI Jakarta Djarot Syaiful Hidayat menilai jumlah pegawai negeri sipil (PNS) di lingkungan Pemerintah Provinsi DKI Jakarta terlampau banyak. Diperkirakan, jumlahnya mencapai 30.000 orang. Angka tersebut baru mencakup PNS, atau belum termasuk pegawai dengan status lain, seperti petugas penanganan prasarana dan sarana umum (PPSU), pegawai harian lepas (PHL), dan pegawai kontrak dengan waktu tertentu (PKWT).""Kalau ditotal semua bisa lebih dari 100.000 orang, artinya PNS terlampau banyak,"" ujar Djarot di Balai Kota DKI Jakarta, Jalan Medan Merdeka Selatan, Senin (11/7/2016).(Baca juga: Mesin Presensi PNS DKI Banyak yang ""Offline"", Disebut Kabelnya Digigit Tikus)Sebagai akibat dari banyaknya PNS tersebut, menurut Djarot, beberapa bagian Pemprov DKI Jakarta harus ratusan pegawai. Ia lantas menyebut Bagian Umum Kesekretariatan Dewan yang menampung lebih dari 100 PNS.Djarot mengatakan, PNS yang terlalu banyak ini tidak menjadikan kinerja Pemprov DKI Jakarta lebih baik.""Misalkan satu ruangan ini butuh 5 orang untuk membersihkannya. Lalu kita taruh 12 orang, itu bukan artinya makin bersih, malah ngobrol mereka, bingung mau kerjakan apa,"" ujar Djarot.Akhirnya, kata Djarot, Pemprov DKI menyetop penerimaan PNS baru. Selain itu, PNS yang sudah memasuki masa pensiun dilarang melakukan perpanjangan usia pensiun.Upaya perampingan PNSDjarot mengatakan, pengurangan PNS di Pemprov DKI ini dilakukan secara alamiah maupun melalui sistem.(Baca juga: Ahok: PNS Telat dan Tidak Disiplin Itu Pasti Kami Potong TKD-nya)Pengurangan secara alamiah, kata Djarot, terjadi pada PNS yang pensiun dan meninggal dunia.Sementara itu, pengurangan secara sistem terjadi kepada PNS yang melakukan pelanggaran atau memiliki kinerja buruk.Bagi mereka yang melakukan pelanggaran, Pemprov DKI akan langsung melakukan tindakan tegas. Djarot mengatakan, sanksi tegas merupakan salah satu upaya dalam mengurangi PNS.""Mereka yang tidak sesuai dengan harapan kami, kami dorong (pensiun). Kemudian kami juga memberikan sanksi yang tegas, tidak abu-abu. Kalau dia melanggar, korupsi, langsung saja berhentikan,"" ujar Djarot.(Baca juga: Hingga Tengah Tahun Ini, 80 PNS DKI Dipecat karena Tak Disiplin)Kepala Badan Kepegawaian Daerah (BKD) DKI Jakarta Agus Suradika mengatakan, pihaknya telah membuat pemetaan untuk menentukan PNS mana yang harus diberhentikan.Hanya pegawai yang memiliki kompetensi dan kinerja baik yang akan dipertahankan. Sementara itu, pegawai yang kompetensinya bagus tetapi kinerjanya rendah, akan diikutkan pelatihan di Badiklat.""Kalau kompetensinya buruk, kinerjanya buruk, kami akan minta dia mengajukan permohonan mengundurkan diri,"" ujar Agus.Tidak boleh serampanganMenurut Kepala Bidang Pengendalian Pegawai BKD DKI Sulistiawati, sejak Januari hingga Juli 2016, sebanyak 80 PNS Pemprov DKI Jakarta diberhentikan. Mereka diberhentikan karena melakukan perbuatan indisipliner.""Indisipliner itu biasanya mereka yang tidak masuk kerja selama 46 hari tanpa keterangan selama satu tahun,"" ujar Sulistiawati.PNS yang terlibat tindak pidana korupsi juga langsung diberhentikan. Sulis mengatakan, mereka yang terlibat kasus hukum memang akan diberhentikan.Hanya saja, pemberhentiannya harus menunggu putusan atas kasus hukum mereka berkekuatan hukum tetap.(Baca juga: Mau Kurangi Pegawai, Pemprov DKI Tegas terhadap PNS yang Melanggar)Meski bertekad mengurangi jumlah PNS, Djarot mengatakan bahwa Pemprov DKI tidak akan sembarangan memecat pegawai.Bagaimana pun juga, kata Djarot, pemecatan pegawai berkaitan dengan nasib seseorang.Oleh karena itu, menurut dia, Pemprov DKI tidak menargetkan berapa banyak orang yang akan dipecat hingga akhir tahun ini.""Waduh soal target, iku ora iso dihitung (itu tidak bisa dihitung). Harus pikirkan betul nasibnya orang ini ya enggak? Nasib orang enggak bisa dihitung betul, enggak bagus ya. Kita enggak boleh serampangan,"" ujar Djarot.Kompas TV Tak Disiplin, PNS Habis Dimarahi Bupati"
"Ahok Sebut Cawagubnya Tetap Heru ","2016-07-12 10:14:00",http://megapolitan.kompas.com/read/xml/2016/07/12/10144081/ahok.sebut.cawagubnya.tetap.heru.,"JAKARTA, KOMPAS.com - Gubernur DKI Jakarta Basuki Tjahaja Purnama atau Ahok mengaku belum menentukan apakah akan maju melalui jalur partai politik atau melalui jalur independen pada Pilkada DKI Jakarta 2017.Sebab, ia mengaku ingin berkonsultasi lebih dulu dengan kelompok relawan pendukungnya, Teman Ahok.Kendati demikian, Ahok masih ingin berpasangan dengan Kepala Badan Pengelola Keuangan dan Aset Daerah (BPKAD) DKI Jakarta Heru Budi Hartono.""Kan saya mesti tanya mereka lebih dulu kurang apa, maunya bagaimana. Tapi cawagubnya tetap Pak Heru,"" ujar Ahok di Balai Kota, Selasa (12/7/2016).(Baca juga: Menagih Janji Ahok Putuskan Jalur yang Dipilihnya pada Pilkada...)Ahok mengibaratkan maju melalui jalur partai politik atau independen seperti naik mobil pribadi atau menggunakan bus. Kendati belum bisa menentukan pilihannya, Ahok berjanji akan mengambil sikap setelah perayaan Lebaran usai. ""Kan ini masih bulan Syawal. Bulan Syawal kan,"" ujar dia.Adapun Heru merupakan seorang birokrat karier di Pemerintah Provinsi DKI yang kini menjabat sebagai Kepala Badan Pengelola Keuangan dan Aset Daerah (BPKAD).Beberapa bulan lalu, Ahok pernah menyatakan akan maju bersama Heru melalui jalur independen.Saat itu, belum ada partai politik yang menyatakan dukungannya untuk Ahok.Namun kini, ada tiga parpol yang sudah menyatakan dukungannya kepada Ahok, yakni Partai Nasdem, Hanura, dan Golkar.(Baca juga: Kata Ahok soal Keputusannya Maju Pilkada DKI 2017)Jika digabungkan, perolehan kursi ketiga partai tersebut di DPRD DKI mencapai 24 kursi, atau sudah memenuhi syarat untuk mengusung pasangan calon kepala daerah sendiri.Di sisi lain, Ahok sering dikait-kaitkan dengan PDI Perjuangan. Sejumlah politikus PDI-P sudah menyatakan dukungannya secara pribadi untuk Ahok.PDI-P sendiri tercatat sebagai partai dengan jumlah kursi terbanyak di DPRD DKI, yakni 28 kursi.Dengan 28 kursi di DPRD DKI tersebut, PDI-P dapat mengusung pasangan calon kepala daerahnya sendiri. Kompas TV Ahok Segera Putuskan Jalur Partai atau Independen"
"Ahok Wajibkan Pejabat DKI Laporkan Pemberian Parsel ke KPK","2016-07-12 10:38:00",http://megapolitan.kompas.com/read/xml/2016/07/12/10384631/ahok.wajibkan.pejabat.dki.laporkan.pemberian.parsel.ke.kpk,"JAKARTA, KOMPAS.com - Gubernur DKI Jakarta Basuki Tjahaja Purnama mewajibkan pejabat di lingkungan Pemerintah Provinsi DKI Jakarta untuk melaporkan segala bentuk pemberian hadiah ke Komisi Pemberantasan Korupsi, termasuk pemberian parsel Lebaran.""Parsel juga semua harus lapor. Semua pemberian yang dicurigai itu enggak boleh harus lapor,"" kata pria yang dikenal dengan nama Ahok ini di Balai Kota, Selasa (12/7/2016).(Baca juga: Wali Kota: Kalau Terima Parsel di Rumah, Lapor Inspektorat)Menurut Ahok, segala macam bentuk pemberian harus dilaporkan, meskipun harga pemberian itu tergolong murah. Ahok mengaku selalu melaporkan kepada KPK hadiah yang diberikan kepadanya. ""Saya saja jam tangan atau apa saya juga lapor. Orang kasih jam tangan murah atau berapa juga lapor. Karena kalau mereka (KPK) mengatakan enggak boleh, ya harus serahkan,"" ujar Ahok.Pasca-Lebaran, KPK menerima dua laporan pemberian hadiah yang disampaikan oleh seorang lurah di Jakarta Selatan dan seorang anggota DPR RI. ""Hingga hari ini KPK menerima 2 laporan berkaitan dengan perayaan hari raya. Satu parsel makanan dan tea set dan satu lagi handphone,"" kata Kabag Pemberitaan dan Publikasi KPK Priharsa Nugraha, di Gedung KPK, Senin (11/7/2016).(Baca juga: Dari Lurah Hingga Legislator Laporkan Parsel dan Hadiah Lebaran ke KPK)Kompas TV Harga Parsel Mewah Capai Belasan Juta Rupiah"
"Lebaran Usai, ""Teman Ahok"" Akan Tagih Keputusan Ahok","2016-07-12 11:37:00",http://megapolitan.kompas.com/read/xml/2016/07/12/11371081/lebaran.usai.teman.ahok.akan.tagih.keputusan.ahok,"JAKARTA, KOMPAS.com - Aktivitas masyarakat Jakarta sudah dimulai kembali setelah libur hari raya Idul Fitri. Gubernur DKI Jakarta Basuki Tjahaja Purnama pernah berjanji akan menentukan jalur yang akan dipilihnya untuk maju Pilkada DKI 2017 setelah Hari Raya.Kelompok pendukungnya, ""Teman Ahok"", akan segera menagih janji Ahok (sapaan Basuki) tersebut.""Dalam waktu dekat ini, kami akan coba menghubungi Bapak (Ahok) untuk menanyakan hal tersebut,"" ujar pendiri Teman Ahok, Singgih Widyastomo, ketika dihubungi, Selasa (12/7/2016).Juru bicara Teman Ahok, Amalia Ayuningtyas, mengatakan, pihaknya berencana untuk bertemu langsung dengan Ahok untuk membahas masalah tersebut. Namun, waktu pertemuannya belum diputuskan.Amalia mengatakan, Teman Ahok baru kembali aktif melakukan kegiatan mulai hari ini.""Waktu pertemuan belum ditentukan, mungkin pekan ini baru ada kabar lagi,"" ujar Amalia.Hingga Senin (11/7/2016), Gubernur DKI Jakarta Basuki Tjahaja Purnama belum juga mengumumkan jalur yang akan ia tempuh dalam mengikuti Pemilihan Kepala Daerah (Pilkada) DKI Jakarta 2017.Basuki atau Ahok sebelumnya tegas mengatakan akan maju melalui jalur perseorangan dengan dukungan ""Teman Ahok"". Namun, setelah ""Teman Ahok"" berhasil mengumpulkan satu juta data KTP, Ahok justru tampak bimbang.Ia pun sempat berjanji akan mendeklarasikan diri setelah hari raya Idul Fitri 1437 Hijriah. Namun hingga Senin, Ahok belum memutuskan jalur yang dipilihnya.""Saya bilang (jalur yang akan ditempuh pada Pilkada DKI 2017) diumumkan kan habis Lebaran. Kalau di kampung saya, sepanjang bulan Syawal itu adalah (masih) Lebaran,"" kata Ahok.Kompas TV Ahok: Saya Rela Tak Dipilih Gapapah Juga"
"Kadin Kebersihan DKI: Toilet ""Mobile"" DKI Selalu Dibersihkan dan Wangi ","2016-07-12 11:45:00",http://megapolitan.kompas.com/read/xml/2016/07/12/11451631/kadin.kebersihan.dki.toilet.mobile.dki.selalu.dibersihkan.dan.wangi.,"JAKARTA, KOMPAS.com - Kepala Dinas Kebersihan DKI Jakarta Isnawa Adji mengklaim toilet mobile berwarna oranye milik Dinas Kebersihan DKI Jakarta selalu bersih dan wangi.""Ada kru di dalamnya. Jadi toiletnya selalu dibersihkan dan wangi, ada sabun cuci tangan, pewangi dan tisu,"" kata Isnawa kepada wartawan, Selasa (12/7/2016).Toilet mobile adalah toilet yang berada di dalam sebuah minibus dan biasanya ditempatkan di tempat-tempat wisata.(Baca juga: DKI Siagakan Toilet ""Mobile"" di Kalimalang dan Tempat Hiburan)Isnawa mengatakan, di setiap minibus, ada dua toilet duduk, dua wastafel, serta penyejuk udara.Sesuai Perda Nomor 1 Tahun 2015 tentang retribusi, warga atau kelompok dapat menyewa toilet mobile. Biaya sewanya mencapai Rp 400.000 per hari.""Tapi ada juga yang tidak kami kenakan biaya sewa untuk event-event seperti wisata balai kota, car free day, atau lomba-lomba sekolah sehat,"" kata Isnawa.Toilet mobile baru disediakan ketika ada permintaan untuk kepentingan publik. Toilet ini tidak setiap hari berada di lokasi wisata.(Baca juga: Ahok Janjikan Renovasi Toilet Monas Sekelas WC Mal)Isnawa menyampaikan, ada 11 unit toilet mobile bermerek Hino yang dibeli pada 2015 dengan anggaran Rp 650 juta/minibus.""Tahun 2017, kami pengadaan 22 unit toilet mobile dengan 2 unit di antaranya toilet khusus penyandang disabilitas. Harganya sekitar Rp 750 juta dan perawatannya oleh ATPM (agen tunggal pemegang merek) Hino,"" kata Isnawa.Kompas TV Macet Parah, Toilet Dadakan Muncul di Brexit"
"Ahok Penasaran Seberapa Besar Tikus yang Gigit Kabel Mesin Presensi PNS DKI","2016-07-12 11:53:00",http://megapolitan.kompas.com/read/xml/2016/07/12/11535131/ahok.penasaran.seberapa.besar.tikus.yang.gigit.kabel.mesin.presensi.pns.dki,"JAKARTA, KOMPAS.com - Gubernur DKI Jakarta Basuki Tjahaja Purnama mengaku heran dengan alasan para bawahannya terkait kerusakan alat-alat yang dimiliki Pemerintah Provinsi DKI Jakarta. Alasan yang sering diberikan adalah kabel alat-alat tersebut digigit tikus.Alasan itu diterima Ahok, sapaan Basuki, saat dia mendapat info bahwa mesin pompa air dan alat presensi PNS DKI tak berfungsi karena kabelnya rusak digigit tikus.""Makanya, saya mau tau juga tikusnya berapa gede, demen amat makan kabel. Apa (kabelnya) diolesin keju,"" ujar dia di Balai Kota, Selasa (12/7/2016).Ahok teringat saat dia mendatangi langsung underpass Pasar Gembrong, Jatinegara, Jakarta Timur, yang digenangi air, beberapa bulan silam.Saat itu, salah seorang petugas pengawas mengatakan, terendamnya underpass disebabkan tak berfungsinya mesin pompa air akibat kabel yang rusak digigit tikus.""Kayak dulu di Pasar Gembrong itu lebih lucu kan jawabannya, digigit tikus. Saya datangin. Kabelnya segede gitu kok, tikusnya segede gimana mulutnya. Sampai ada yang bilang, ""bukan pak, plus minusnya terbalik,"" ujar dia.Kemarin, sempat terjadi kendala teknis terhadap mesin-mesin presensi PNS DKI di berbagai kantor pemerintahan. Kendala teknis yang menyebabkan mesin ""offline"" itu membuat kehadiran PNS DKI di beberapa SKPD tidak tercatat.Kepala Dinas Komunikasi, Informatika, dan Kehumasan DKI Jakarta Dian Ekowati mengatakan, beberapa kabel fiber optic mesin presensi putus karena digigit tikus saat libur panjang saat Lebaran.""Karena kejadiannya kemarin habis libur lama. Mungkin waktu itu ada sesuatu, kita akan cek laporan kondisi offline dan online mesin absennya,"" ujar Dian di Balai Kota DKI Jakarta, Senin (11/7/2016).Kompas TV Ahok Tegaskan Sanksi Bagi PNS Tak Disiplin"
"Ahok: Penghapusan Denda Pajak juga Berlaku untuk PBB","2016-07-12 11:58:00",http://megapolitan.kompas.com/read/xml/2016/07/12/11581621/ahok.penghapusan.denda.pajak.juga.berlaku.untuk.pbb,"JAKARTA, KOMPAS.com - Gubernur DKI Jakarta Basuki Tjahaja Purnama atau Ahok menyatakan, penghapusan denda pajak tidak hanya berlaku untuk pajak kendaraan bermotor. tetapi juga untuk pajak bumi dan bangunan (PBB).Ahok mengaku sudah menandatangani surat keputusan (SK) terkait kebijakan itu.""Kayaknya saya sudah tanda tangan, kayak pemutihan begitu. Kayaknya udah ada (SK-nya). Termasuk PBB juga,"" kata Ahok di Balai Kota, Selasa (12/7/2016).Pemprov DKI DKI Jakarta baru saja merilis kebijakan penghapusan denda untuk Pajak Kendaraan Bermotor (PKB) dan Bea Balik Nama Kendaraan Bermotor (BBNKB). Kebijakan itu berlaku mulai tanggal 2 Juli hingga 2 Agustus 2016.Menurut Ahok, selain dalam rangka peningkatan penerimaan pajak daerah, penghapusan denda pajak juga dipertimbangkan atas dasar memperingan beban wajib pajak.""Mirip tax amnesty aja. Kalau itu enggak dihapus, orang yang (mau bayar pajak) ditambah denda-denda kan jadi enggak bisa bayar. Utang kan? Kalau kamu mau bayar tapi mesti lunasin utang yang lama kan enggak sanggup juga,"" kata Ahok."
"Polisi Akan Panggil Dinas Tata Air Terkait Kasus Bungkus Kabel","2016-07-12 12:15:00",http://megapolitan.kompas.com/read/xml/2016/07/12/12152331/polisi.akan.panggil.dinas.tata.air.terkait.kasus.bungkus.kabel,"JAKARTA, KOMPAS.com - Polisi masih mendalami dugaan kelalaian dan korupsi dalam kasus temuan bungkus kabel di saluran air di Jalan Medan Merdeka Selatan pada Maret lalu. Dalam waktu dekat polisi berencana akan memanggil Dinas Tata Air DKI Jakarta.Kasubdit Tipikor Dit Reskrimsus Polda Metro Jaya, AKBP Ferdy Iriawan, mengatakan, tanggung jawab pemeliharaan saluran air di kawasan tersebut adalah Dinas Tata Air DKI Jakarta.""Tanggung jawab pemeliharaan gorong-gorong itu Dinas Tata Air DKI,"" kata Ferdy ketika dihubungi, Selasa (12/7/2016).Namun Ferdy belum merinci kapan tepatnya pemeriksaan akan dilakukan.Dalam kasus pencurian kabel itu, polisi telah memanggil beberapa saksi, di antaranya dari Suku Dinas Tata Air Jakarta Pusat, Suku Dinas Bina Marga Jakarta Pusat, PT PLN, dan PT Telkom.Gubernur DKI Jakarta Basuki Tjahaja Purnama atau Ahok awalnya menduga bahwa sampah bungkus kabel di gorong-gorong itu merupakan bentuk sabotase untuk memicu banjir. Setelah diselidiki pihak kepolisian, ternyata bungkus kabel itu merupakan ulah dari para spesialis pencuri kabel.Dalam kasus pencurian itu, enam orang tersangka telah diringkus kepolisian. Mereka berinisial STR (45), MRN (34), SWY (45), AP (28), RHM (43), dan AT (48).Kompas TV Polisi Terus Selidiki Dugaan Pencurian Kabel"
"Agar Tak Diakali, Ahok Akan Ubah Sistem Presensi PNS DKI","2016-07-12 13:19:00",http://megapolitan.kompas.com/read/xml/2016/07/12/13192781/agar.tak.diakali.ahok.akan.ubah.sistem.presensi.pns.dki,"JAKARTA, KOMPAS.com - Gubernur DKI Jakarta Basuki Tjahaja Purnama yakin ada unsur kesengajaan di balik rusaknya mesin presensi pegawai negeri sipil (PNS) Pemprov DKI Jakarta pada Senin (11/7/2016).Menurut dia, kerusakan semacam itu sudah sering terjadi. Oleh karena itu, Basuki berencana mengubah sistem presensi PNS Pemprov DKI. Ke depannya, lanjut dia, presensi tidak boleh dilakukan secara manual, meskipun mesin presensi rusak.(Baca juga: Ahok Penasaran Seberapa Besar Tikus yang Gigit Kabel Mesin Presensi PNS DKI)Dengan cara ini, ia yakin tidak akan ada lagi PNS yang berani mengakali mesin presensi dengan tujuan bisa melakukan presensi manual.""Kalau sanksi mau cari alasannya gimana? Akhirnya kami buat sesuatu yang lebih keras. Kerasnya gimana? Kalau ada alat elektronik rusak ya sudah enggak dapat TKD (tunjangan kinerja daerah),"" kata pria yang dikenal dengan nama Ahok ini di Balai Kota, Selasa (12/7/2016).Seperti diberitakan, sebanyak 1.217 mesin presensi PNS offline sehingga 6.072 PNS tidak tercatat kehadirannya.Namun, tak diketahui apakah PNS tersebut memang tidak hadir atau hadir namun tak tercatat mesin prersensi.Karena kondisi itu, Ahok mengaku tidak bisa memberikan sanksi berupa pemotongan TKD.""Enggak bisa dipotong. Karena rusak mereka langsung ngajuin manual. Enggak apa-apa, saya di sini sabar kok,"" ujar Ahok.Sebelumnya, Kepala Dinas Komunikasi, Informatika, dan Kehumasan DKI Jakarta Dian Ekowati mengatakan, beberapa kabel fiber optic mesin presensi putus karena digigit tikus saat libur panjang Lebaran.""Karena kejadiannya kemarin habis libur lama. Mungkin waktu itu ada sesuatu, kita akan cek laporan kondisi offline dan online mesin absennya,"" ujar Dian di Balai Kota DKI Jakarta, Senin (11/7/2016).(Baca juga: Mesin Presensi PNS DKI Banyak yang ""Offline"", Disebut Kabelnya Digigit Tikus)Kompas TV Ahok Tegaskan Sanksi Bagi PNS Tak Disiplin"
"Ahok Sebut Masih Banyak PNS yang Mengakali Sistem Qlue","2016-07-12 13:44:00",http://megapolitan.kompas.com/read/xml/2016/07/12/13444321/ahok.sebut.masih.banyak.pns.yang.mengakali.sistem.qlue,"JAKARTA, KOMPAS.com - Gubernur DKI Jakarta Basuki Tjahaja Purnama mengatakan, saat ini masih banyak pegawai negeri sipil (PNS) di lingkungan Pemerintah Provinsi DKI yang mengakali sistem Qlue.Atas dasar itu, Ahok masih sering mengecek langsung ke lapangan penanganan setiap keluhan yang disampaikan masyarakat melalui Qlue.""Misalkan saya tiap hari ada beberapa grup hampir kirim foto, bersih-bersih begitu kan. Tapi kami masih keluyuran juga, cek juga kan, itu bersih kapan. Karena itu kebanyakan foto kemarin,"" kata Ahok di Balai Kota, Selasa (12/7/2016).(Baca juga: 80 Persen Laporan Warga di Qlue Telah Ditindaklanjuti)Ia juga menyampaikan bahwa Pemprov DKI masih terus melakukan pembenahan terhadap sistem Qlue.Pembenahan dilakukan untuk meminimalkan potensi kecurangan. Menurut Ahok, salah satu pembenahan yang akan dilakukan adalah dengan memperbanyak pemasangan kamera pengawas atau kamera CCTV.""Dia sudah laporan foto begtu, CCTV kita lihat cocok enggak. Emang enggak gampang. Mental ini yang susah,"" ujar dia.(Baca juga: Agar Tak Diakali, Ahok Akan Ubah Sistem Presensi PNS DKI)Kompas TV Membantu Kinerja Pemerintahan - Big Bang Show"
"DKI Fokuskan Operasi Bina Kependudukan di Lokasi Bekas Penertiban dan Jalur Hijau","2016-07-12 14:18:00",http://megapolitan.kompas.com/read/xml/2016/07/12/14182081/dki.fokuskan.operasi.bina.kependudukan.di.lokasi.bekas.penertiban.dan.jalur.hijau,"JAKARTA, KOMPAS.com - Pemerintah Provinsi (Pemprov) DKI Jakarta akan menggelar operasi bina kependudukan pasca-hari raya Idul Fitri 1437 Hijriah.Operasi bina kependudukan tersebut dilakukan untuk mengendalikan arus urbanisasi ke Jakarta.Rencananya, tahun ini operasi bina kependudukan dilaksanakan di lokasi bekas penertiban serta di jalur hijau.""Jadi kami nanti lihat persebaran pendatang baru itu ke mana. Kalau ada pendatang baru yang mencoba memasuki daerah-daerah yang udah direlokasi atau daerah terlarang seperti di bantaran rel kereta api, jalur hijau dan bantaran kali, itu sudah kami lakukan pendataan,"" kata Kepala Dinas Kependudukan dan Catatan Sipil DKI Jakarta Edison Sianturi saat dihubungi wartawan, Selasa (12/7/2016).(Baca juga: DPR Minta Pemerintah Serius Tangani Masalah Pendatang Baru di Jakarta)Jika banyak pendatang yang menduduki jalur hijau, maka hal ini akan diinfokan kepada satuan kerja perangkat daerah (SKPD) lain untuk ditertibkan.Adapun pelaksanaan operasi bina kependudukan dilakukan secara terpadu dengan mengikutsertakan pihak kelurahan, kecamatan, Satpol PP, TNI/Polri, dan pihak terkait lainnya. ""Sedangkan bagi mereka (pendatang) yang sudah bawa surat keterangan pindah dan mereka ada yang menjamin tempat tinggal di tempat yang sudah terstruktur dan tertata, mereka sudah bekerja, itu lebih kami percepat pemberian identitasnya,"" kata Edison.(Baca juga: Ahok Tak Larang Pendatang Baru ke Jakarta, asal Punya Duit)Sebelumnya, Gubernur DKI Jakarta Basuki Tjahaja Purnama menegaskan, Pemprov DKI tidak akan melarang pendatang ke Ibu Kota, kecuali pendatang yang tidak memiliki modal serta keterampilan.Sebab, menurut Basuki, warga semacam itu biasanya mendirikan bangunan di atas jalur hijau."
"Ahok Kesal Dengar Laporan soal Genangan di ""Underpass"" Pondok Indah","2016-07-12 14:24:00",http://megapolitan.kompas.com/read/xml/2016/07/12/14240391/ahok.kesal.dengar.laporan.soal.genangan.di.underpass.pondok.indah,"JAKARTA, KOMPAS.com - Gubernur DKI Jakarta Basuki Tjahaja Purnama mengaku kesal ketika mendengar laporan soal genangan yang muncul di underpass Pondok Indah, Jakarta Selatan saat hujan deras pada Senin (11/7/2016) kemarin. Ia menerima laporan bahwa genangan muncul akibat matinya panel listrik.Menurut Ahok, underpass Pondok Indah masih dikelola oleh PT Metro Kencana.""Itu memang belum diserahkan dari swasta kan? Kerendam. Saya tanya, kenapa kerendam? Mereka jawabnya sederhana aja 'Panel listriknya dicolong orang. Enak aja (jawabnya),"" kata dia di Balai Kota, Selasa (12/7/2016).Menurut Ahok, alasan tersebut tidak masuk akal. Sebab, seharusnya disiagakan petugas.Lagi pula, sudah ada peringatan dari Badan Meteorologi Klimatologi dan Geofisika (BMKG) yang menyatakan akan terjadi hujan deras di kawasan Jakarta Selatan.""Jadi Pondok Indah mana mungkin tergenang. Pompanya ada. Pompa itu selalu mesti baik, jawabnya santai aja, dicolong,"" kata Ahok.Genangan di underpass Pondok Indah pada Senin malam dilaporkan mencapai 30 sentimeter. Meski ada genangan, underpass itu masih dapat dilintasi kendaraan roda dua dan roda empat.PT Metro Kencana saat ini diketahui tengah melakukan perakitan ulang mesin pompa air di lokasi tersebut."
"Soal Reklamasi, Ahok Pertanyakan Rizal Ramli Belum Kirim Surat ke Presiden","2016-07-12 14:52:00",http://megapolitan.kompas.com/read/xml/2016/07/12/14521761/soal.reklamasi.ahok.pertanyakan.rizal.ramli.belum.kirim.surat.ke.presiden,"JAKARTA, KOMPAS.com - Gubernur DKI Jakarta Basuki Tjahaja Purnama mempertanyakan kebijakan Menteri Koordinator Maritim Rizal Ramli terkait rekomendasi penghentian permanen proyek reklamasi Pulau G. Sebab, sampai saat ini, Rizal belum mengirim surat kepada Presiden Joko Widodo.""Belum ada suratnya, belum ada. Menko belum bikin surat, cuma ngomong di media. Masa ngomong di media doang. Dia kirim ke presiden, mesti ratas (rapat terbatas). Kan mutusin saat rapat terbatas saya kira,"" ujar Ahok di Balai Kota, Selasa (12/7/2016).Kementerian Koordinator Maritim diketahui telah memutuskan menghentikan reklamasi Pulau G. Dengan demikian, semua pembangunan di pulau tersebut tidak bisa dilanjutkan kembali.Keputusan itu diambil dalam rapat kordinasi antara Menko Maritim, Menteri Kelautan dan Perikanan Susi Pudjiastuti, Menteri Lingkungan Hidup dan Kehutanan Siti Nurbaya, dan perwakilan dari Pemerintah Provinsi DKI pada Kamis (30/6/2016).Dalam rapat itu, Rizal mengatakan, pembangunan reklamasi Pulau G dihentikan karena banyak pelanggaran. Salah satunya karena pembangunan pulau tersebut berada di atas kabel-kabel PLN.Selain itu, pembangunan Pulau G disebut mengganggu akses perahu nelayan. Pelanggaran lainnya adalah teknis pembangunan pulau yang dinilai serampangan dan berpotensi merusak biota laut.Namun, Ahok menilai pembangunan pulau G sudah sesuai aturan. Terlebih, kata dia, sebelum diterbitkannya izin pada Desember 2014, sudah ada kajian yang melibatkan Unit Kerja Presiden untuk Pengawasan dan Pengendalian Pembangunan (UKP4).""Dari tim, waktu kajian enggak ada nyebutin membatalkan Pulau G, enggak ada menyebutkan dia melewati pipa gas dan pipa PLN. Justru Pulau G itu adalah pulau yang sudah dipotong ukurannya karena masalah pipa,"" ujar Ahok.Kompas TV Reklamasi Dihentikan, Ahok Mengacu pada Keppres"
"Ahok Sebut Kini Nilai Jual Rumah Warga Asli Kampung Pulo Sudah Naik","2016-07-12 15:29:00",http://megapolitan.kompas.com/read/xml/2016/07/12/15292281/ahok.sebut.kini.nilai.jual.rumah.warga.asli.kampung.pulo.sudah.naik,"JAKARTA, KOMPAS.com - Gubernur DKI Jakarta Basuki Tjahaja Purnama menyebut saat ini banyak warga asli Kampung Pulo, Jakarta Timur, berterima kasih kepadanya atas penertiban terhadap permukiman bantaran sungai beberapa bulan silam. Warga tersebut adalah warga yang rumahnya tidak berada di bantaran sungai.Selain karena rumahnya sudah bebas banjir, Ahok menyebut warga tersebut juga senang karena nilai jual rumahnya naik setelah adanya jalan inspeksi serta berbagai fasilitas pendukung lainnya di pinggir Sungai Ciliwung.""Kampung Pulo sekarang nilainya bisa mendekati (Jalan) Jatinegara kan, yang untung siapa? Tadinya rumahnya enggak menghadap jalan, enggak ada jalan. Tiba-tiba bisa beli mobil, naik udah kelasnya,"" ujar Ahok di Balai Kota, Selasa (12/7/2016).Oleh karena itu, Ahok memastikan akan melakukan hal serupa di kawasan permukiman bantaran Ciliwung di Bukit Duri, Tebet, Jakarta Selatan. Ia mengaku tidak peduli dengan berbagai penolakan dari warga.Dia yakin, menertibkan permukiman di bantaran sungai merupakan cara terbaik dalam upaya pencegahan banjir.""Nanti kalau dirapihin juga orang yang di atas (aliran sungai) juga terimakasih,"" ujar Ahok.Kompas TV Ahok: Yang Senang Bilang Penertiban, Yang Nggak Senang Bilang Penggusuran!"
"Ahok Ingin Pelanggar Aturan Pelat Nomor ""Dibully"" di Medsos","2016-07-12 16:06:00",http://megapolitan.kompas.com/read/xml/2016/07/12/16061761/ahok.ingin.pelanggar.aturan.pelat.nomor.dibully.di.medsos,"JAKARTA, KOMPAS.com - Gubernur DKI Jakarta Basuki Tjahaja Purnama yakin akan ada pengendara yang mencoba berbuat curang saat penerapan pembatasan kendaraan roda empat berdasarkan pelat nomor ganjil dan genap.Namun menurut dia, kecurangan dapat diminimalisasi dengan penerapan sanksi yang tegas, ditambah dengan perundungan (bully) di media sosial.""Saya kira harus cari korban 10 orang baru deh pada takut. Kalau sosmed kan kenceng nih rame (kalau buat bully orang),"" kata Basuki atau Ahok di Balai Kota, Selasa (12/7/2016).Kebijakan pembatasan kendaraan berdasarkan pelat nomor polisi ganjil dan genap dipastikan akan dimulai pada 27 Juli ini. Penerapannya akan dimulai dari tahap uji coba. Tahap uji coba akan berlangsung selama sekitar satu bulan.Setelah itu akan dilanjutkan ke tahap pemberlakuan secara permanen mulai 26 Agustus.Secara teknis, pembatasan kendaraan dengan sistem pelat nomor ganjil-genap akan dilakukan dengan hanya memperbolehkan kendaraan dengan pelat genap melintas pada tanggal genap. Sebaliknya, kendaraan dengan pelat ganjil hanya diperbolehkan melintas pada tanggal ganjil.Ahok memperkirakan, nantinya akan ada pengendara yang memalsukan pelat nomornya. Namun, ia memastikan akan ada pemeriksaan random STNK terhadap kendaraan yang berhenti di perempatan.Jika ada kendaraan yang pelatnya tidak sesuai STNK, ia memastikan pengendaranya akan dijerat dengan pasal pidana.""Kan kayak di Hongkong, ada pelat yang kalau dipencet bisa balik pelatnya, berubah ketuker. Saya kira enggak papa, tapi itu kan pidana (kalau ketahuan),"" kata Ahok."
"Urbanisasi Masih Menjadi Persoalan Jakarta, Politisi PKB Anggap Dana Desa Tidak Gagal","2016-07-12 16:03:00",http://nasional.kompas.com/read/xml/2016/07/12/16033811/urbanisasi.masih.menjadi.persoalan.jakarta.politisi.pkb.anggap.dana.desa.tidak.gagal,"JAKARTA, KOMPAS.com - Usai mudik Lebaran 2016, arus urbanisasi ke kota besar semakin bertambah, khususnya Jakarta. Sebagian pihak menduga hal tersebut diakibatkan oleh program desa yang belum berhasil.Namun, Wakil Ketua Komisi II DPR, Lukman Edy menganggap bukan program desa yang belum berhasil, namun hasil yang didapat dari implementasi program tersebut tak bisa instan dalam waktu yang singkat.""Kan dana desa baru setahun ini. Belum bisa implikasinya langsung. Karena prinsip dana desa itu adalab multiplayer effect dan gradual,"" kata politisi Partai Kebangkitan Bangsa itu di Kompleks Parlemen, Senayan, Jakarta, Selasa (12/7/2016).Pada 2015, dana desa yang turun sebesar Rp 20 triliun dan naik menjadi Rp 40 triliun pada 2016. Dari sisi dampak penyaluaran dana desa, kata Lukman, belum dapat dikatakan bisa menghambat urbanisasi karena angka tersebut masih minim.(Baca: Cegah Urbanisasi, Mendagri Minta Pemda Buat Lapangan Kerja yang Lebih Menjanjikan)Adapun evaluasi dana desa baru dilakukan terhadap dana tahun lalu. Sedangkan dana Rp 40 triliun belum dievaluasi.""Saya kira kalau sudah Rp 100 triliun turun ke desa baru implikasinya signifikan. Rp 20 triliun baru tahap pertama,"" sambung mantan Menteri Negara Pembangunan Daerah Tertinggal Ke-3 RI itu.Ia pun berharap agar saat dana desa sudah mencapai Rp 100 triliun, pembangunan di desa bisa lebih progresif. Apalagi, jika ada konsistensi dari pemerintah untuk terus menambah besaran dana desa setiap tahunnya.(Baca: Ahok: Selama Enggak Ada Kawasan Kumuh, Urbanisasi Gampang Dikontrol)""Sekarang baru infrastruktur. Belum perekonomian desa. Konsentrasi pemerintah baru di infrastruktur dasar pedesaan. Belum ekonomi desa,"" kata Lukman.Salah satu peruntukkan dana desa, lanjut Lukman, misalnya untuk pengembangan pertumbuhan ekonomi pedesaan melalui Badan Usaha Milik Desa (Bumdes).""Sekarang kita lihat, Bumdes sudah rampung semua belum? Kan di UU Desa mewajibkan penyaluran dana pertumbuhan perekonomian pedesaan melalui Bumdes. Bumdes saja belum semua. Baru beberapa persen,"" tutup dia.(Baca: Kepala Bappenas Berharap Dana Desa Dapat Kurangi Arus Urbanisasi)Sebelumnya, Wakil Gubernur DKI Jakarta Djarot Syaiful Hidayat serius mengingatkan warga yang mudik untuk tidak membawa sanak saudara ke Jakarta.Djarot mengatakan pertumbuhan penduduk di Jakarta setiap tahunnya bukan karena kelahiran melainkan urbanisasi.""Hampir setiap tahun itu pendatang baru yang tercatat antara 45.000 sampai 50.000 orang loh ya. Belum lagi yang belum tercatat, oleh sebab itu kita berpesan kepada pemudik, saat pulang jangan bawa teman-teman,"" ujar Djarot di Parkir Timur Senayan, Jakarta Selatan, Jumat (1/7/2016)."
"Petugas Dishub Diprotes Sopir Angkota yang ""Ngetem"" di Jagakarsa","2016-07-12 17:19:00",http://megapolitan.kompas.com/read/xml/2016/07/12/17191561/petugas.dishub.diprotes.sopir.angkota.yang.ngetem.di.jagakarsa,"JAKARTA, KOMPAS.com - Suku Dinas Perhubungan Jakarta Selatan hari ini, Selasa (12/7/2016), mengadakan penertiban kendaraan di Jagakarsa, Jakarta Selatan. Dalam operasi tersebut, sembilan angkot dikandangkan, satu diderek, dan satu ditilang.Satu sopir yang ditilang yaitu sopir angkot 02 jurusan Pondok Labu - Lenteng Agung, sempat mengamuk kepada petugas Dishub. Kepala Suku Dinas Perhubungan Jakarta Selatan Christianto mengatakan sopir yang diketahui bernama Eky itu tak terima ditilang.""Dia protes dengan nada keras 'saya enggak terima, kalau mau ditertibkan semuanya, jangan di tempat saya, di pasar juga, pokoknya saya tidak terima',"" kata Christianto saat dihubungi, Selasa.Meski diprotes, operasi itu tetap dilakukan. Sebab operasi ini merupakan tindak lanjut dari keluhan yang masuk ke Gubernur DKI Jakarta Basuki Tjahaja Purnama terkait banyaknya angkot ngetem yang kerap menjadi biang kemacetan di Jagakarsa.Angkot yang ditertibkan antara lain 83 jurusan Depok - Pasar Minggu, 128 jurusan Depok - Warung Silah, 02 jurusan Pondok Labu - Lenteng Agung, dan 35 jurusan Pasar Minggu - Lenteng Agung.""Angkot dikandangkan karena tanpa surat KPS dan KIR mati,"" katanya. (Baca: Ahok: 2 Kali Ketahuan ""Ngetem"", Izin Trayek Angkutan Umum Dicabut Selamanya)Operasi juga dilakukan di Pasar Minggu dan Kebayoran Lama dengan total 12 angkot dan tiga bajaj dikandangkan.Kompas TV Ugal-ugalan, Angkot Ini Dirusak Ojek Online"
"Ahok Disebut Sedang Matangkan Strategi Pilkada 2017","2016-07-12 17:37:00",http://megapolitan.kompas.com/read/xml/2016/07/12/17373301/ahok.disebut.sedang.matangkan.strategi.pilkada.2017,"JAKARTA, KOMPAS.com - Sikap Basuki Tjahaja Purnama atau Ahok yang tidak kunjung memastikan jalur mana yang akan digunakannya untuk maju dalam Pilkada DKI Jakarta 2017, apakah jalur partai politik atau jalur independen, dinilai bukan karena gamang.Ahok pernah berjanji akan memberi kepastian soal jalur itu setelah Hari Raya Idul Fitri. Namun Idul Fitri telah berlalu beberapa hari, Ahok tidak kunjung mengumumkannya keputusannya.Pengamat politik dari Lembaga Ilmu Pengetahuan Indonesia (LIPI) Ikrar Nusa Bakti mengatakan, Ahok sebenarnya sudah memiliki keputusan.""Keputusan itu sudah ada. Cuma perkaranya kan harus dipikirkan strateginya bagaimana dengan pilihan itu,"" kata Ikrar ketika dihubungi, Selasa (12/7/2016).Ikrar mengatakan wajar saja jika Ahok belum memutuskan jalur. Ia mengatakan, Ahok pasti belum bertemu dengan partai politik pendukungnya dan Teman Ahok, yang mendukungnya maju lewat jalur independen, untuk mendiskusikan hal itu.Menurutnya, keputusan soal jalur tersebut memang ada di tangan Ahok. Namun, Ahok tidak mau mengenyampingkan parpol dan Teman Ahok terkait keputusan yang dibuatnya.Kata Ikrar, Ahok ingin melibatkan kedua elemen pendukungnya dalam keputusannya itu.""Keputusan itu kan baru diumumkan kalau sudah ada pertemuan antara tiga pihak, yaitu Teman Ahok, parpol, dan Ahok sendiri,"" kata Ikrar.Ikrar juga berpendapat, Ahok sedang mematangkan strategi agar ia bisa pasti menang dan kembali menjadi gubernur DKI dengan pilihannya itu.Komunikasi dengan parpol dan Teman Ahok sebelum mengumumkan jalur pilkada adalah upaya untuk mematangkan strategi itu.""Misalnya kalau Ahok milih ikut Teman Ahok, ya pasti nanti bicara bagaimana verifikasi faktual bisa berjalan lancar. Kalau Ahok mau ikut parpol, ya yang dibicarakan bagaimana Teman Ahok juga bisa jadi pelengkap yang menentukan,"" kata Ikrar."
"Golkar Berikan Lima Tugas untuk Ahok ","2016-07-12 17:58:00",http://nasional.kompas.com/read/xml/2016/07/12/17585621/golkar.berikan.lima.tugas.untuk.ahok.,"JAKARTA, KOMPAS.com - Ketua Umum Partai Golkar Setya Novanto mengatakan, kebijakan partainya mendukung Basuki Tjahaja Purnama alias Ahok sebagai calon gubernur DKI Jakarta didasari sejumlah alasan.Menurut Novanto, selama ini kinerja Ahok memimpin Ibu Kota memberi dampak positif yang langsung dirasakan oleh warga Jakarta. Hal itu terbukti dari berbagai survei yg dilakukan oleh sejumlah lembaga survei yang kredibel.""Posisi Ahok jauh lebih unggul dibandingkan dengan calon lainnya,"" kata Novanto melalui keterangan tertulis, Selasa (12/7/2016).Maka dari itu, dukungan akan ditujukan kepada Ahok agar program yang sudah dipersiapkan dapat berlanjut dan diselesaikan.(Baca: Golkar: Tak Ada Mahar Politik Dukung Ahok)""Tentu Partai Golkar meminta agar Ahok menuntaskan berbagai kebijakan dalam pembangunan di Jakarta,"" kata dia.Selain itu, ada lima program utama yang dimandatkan Partai Golkar kepada Ahok. Selama kepemimpinan Ahok, program-program tersebut telah dilakukan. Pertama, membebaskan Jakarta dari Banjir dalam waktu 6 tahun. Kedua, mengurai kemacetan di Jakarta dengan cara memperbanyak transportasi publik yang nyaman untuk warga.(Baca: Setya Novanto: Golkar Resmi Usulkan Ahok sebagai Cagub DKI Jakarta)Ketiga, meremajakan tempat-tempat kumuh di beberapa titik yang ada di Jakarta menjadi tempat pemukiman yg nyaman, sehat dan ramah lingkungan""Peremajaan ruang pemukiman ini dapat dilakukan dengan membangun Rusunawa atau rumah susun yg terjangkau warga,"" kata dia.Keempat, membebaskan warga Jakarta untuk mendapatkan akses pendidikan gratis dan berkualitas melalui Kartu Pintar.(Baca: Dukung Ahok, Golkar Nyatakan Tak Menelikung PDI-P)Kelima, meningkatkan pelayanan kesehatan yang berkualitas dan gratis bagi warga Jakarta melalui kartu Sehat.Menurut Novanto, jika Ahok kembali terpilih menjadi Gubernur DKI, maka program kerja yang saat ini masih berjalan dapat diselesaikan.""Dalam kepemimpinan lima tahun ke depan, kami percaya Ahok dapat menuntaskannya,"" kata mantan Ketua DPR RI tersebut.Kompas TV Golkar Resmi Dukung Ahok"
"Belum Pastikan Jalur Pilkada Tak Berarti Ahok Gamang","2016-07-12 18:05:00",http://megapolitan.kompas.com/read/xml/2016/07/12/18051361/belum.pastikan.jalur.pilkada.tak.berarti.ahok.gamang,"JAKARTA, KOMPAS.com - Pengamat politik dari Lembaga Ilmu Pengetahuan Indonesia (LIPI) Ikrar Nusa Bakti berpendapat, Basuki Tjahaja Purnama tidak sedang bingung menentukan pilihan jalur pilkada.Ikrar mengatakan, Basuki atau Ahok sudah tahu apa yang akan dipilihnya.""Saya rasa dia tidak gamang, dia sudah tahu kira-kira pilihan mana yang akan diambil dan untung ruginya seperti apa,"" kata Ikrar ketika dihubungi, Selasa (12/7/2016).Hanya saja, Ahok disebut ingin berkomunikasi dengan ""Teman Ahok"" yaitu kelompok relawan yang mendukungnya maju lewat jalur independen, dan partai pendukungnya terlebih dahulu. Langkah tersebut dinilai untuk menghargai dua elemen pendukungnya.""Dia tidak mau mengambil keputusan sendiri dan nantinya malah menyakiti salah satu pihak,"" kata Ikrar.Hingga Senin kemarin, Ahok belum juga mengumumkan jalur yang akan ia tempuh dalam mengikuti Pilkada DKI Jakarta 2017. Ahok sebelumnya dengan tegas mengatakan akan maju melalui jalur perseorangan dengan dukungan ""Teman Ahok"".Namun, setelah ""Teman Ahok"" berhasil mengumpulkan satu juta data KTP, Ahok justru tampak bimbang. Ia pun sempat berjanji akan mengumumkan keputusannya setelah Hari Raya Idul Fitri 1437 Hijriah. Namun hingga Senin, Ahok belum memutuskan jalur yang dipilihnya.""Saya bilang (jalur yang akan ditempuh pada Pilkada DKI 2017) diumumkan kan habis Lebaran. Kalau di kampung saya, sepanjang bulan Syawal itu adalah (masih) Lebaran,"" kata Ahok."
"Pemprov DKI Kirim Surat ke Presiden Jokowi soal Pemberhentian Reklamasi Pulau G","2016-07-12 18:59:00",http://megapolitan.kompas.com/read/xml/2016/07/12/18593651/pemprov.dki.kirim.surat.ke.presiden.jokowi.soal.pemberhentian.reklamasi.pulau.g,"JAKARTA, KOMPAS.com - Gubernur DKI Jakarta Basuki Tjahaja Purnama berkirim surat kepada Presiden RI Joko Widodo terkait pembatalan reklamasi Pulau G, Teluk Jakarta.Kepala Badan Perencanaan Pembangunan Daerah (Bappeda) DKI Jakarta Tuty Kusumawati menjelaskan di dalam surat tersebut dicantumkan fakta-fakta mengenai perizinan yang diberikan kepada pengembang Pulau G, PT Muara Wisesa Samudera.""Pemprov DKI bersurat ke Pak Presiden mengemukakan fakta-fakta yang telah dilakukan oleh para pihak,"" kata Tuty, kepada wartawan, Selasa (12/7/2016).Ia menjelaskan tim komite gabungan reklamasi terbagi menjadi tiga sub tim. Yakni sub tim Kajian Lingkungan Hidup Strategis yang dikoordinasi oleh Kementerian Lingkungan Hidup dan Kehutanan (LHK), wakil Pemprov DKI yakni Deputi Gubernur Bidang Tata Ruang dan Lingkungan Hidup, serta Badan Pengelola Lingkungan Hidup Daerah (BPLHD) DKI.Kemudian sub tim Teknis dan Kebijakan reklamasi yang dikoordinasi oleh Kementerian Kelautan dan Perikanan (KKP), wakil Pemprov DKI yakni Bappeda, dan Dinas Kelautan, Pertanian dan Ketahanan Pangan (DPKP). Serta sub tim Perizinan dan Penyelarasan Perundangan yang dikoordinasi oleh Kemenko Maritim dan Sumber Daya, wakil Pemprov DKI dari Biro Hukum dan Asisten Pembangunan.""Hasil bahasan dan rekomendasi tim sudah ada. Namun Pak Menko Maritim (Rizal Ramli) berpendapat lain di luar rekomendasi yang dipaparkan,"" kata Tuty.Ia berharap, surat tersebut dapat menjadi pertimbangan sebelum keputusan final reklamasi. Sebab berdasar rekomendasi dari komite bersama, reklamasi Pulau G dihentikan, karena termasuk dalam pelanggaran berat. Adapun surat kepada Presiden Jokowi telah dikirim pada 1 Juli 2016 lalu.""Pemberhentian (reklamasi Pulau G) kan mesti dengan alasan dan fakta-fakta yang jelas. Sedangkan faktanya, perizinan dan persyaratan teknis sudah diikuti sesuai aturan,"" kata Tuty. (Baca: Ahok Tunggu Keputusan Jokowi soal Penghentian Reklamasi Pulau G)Sebelumnya, komite gabungan yang dipimpin Menko Maritim Rizal Ramli memutuskan memberhentikan reklamasi Pulau G karena ada pelanggaran berat membangun di atas kabel PLN, serta mengganggu lalu lintas kapal. Basuki mengeluarkan izin reklamasi Pulau G kepada PT Muara Wisesa Samudra, yang juga anak usaha PT Agung Podomoro Land Tbk, pada Desember 2014.Kompas TV Pluit City Merupakan Reklamasi Pantai"
"Surat Pemprov DKI soal Pulau G Belum Sampai di Meja Presiden","2016-07-12 19:02:00",http://nasional.kompas.com/read/xml/2016/07/12/19020091/surat.pemprov.dki.soal.pulau.g.belum.sampai.di.meja.presiden,"JAKARTA, KOMPAS.com - Staf Khusus Presiden Bidang Komunikasi Johan Budi Sapto Prabowo mengatakan, Presiden Joko Widodo (Jokowi) belum menerima surat dari Pemerintah Provinsi DKI Jakarta terkait pelaksanaan pembangunan reklamasi Pulau G.""Sampai tadi siang, saya cek belum ada,"" ujar Johan di di Kompleks Istana Kepresidenan Jakarta, Selasa (12/7/2016).Oleh sebab itu, Johan juga tidak mengetahui bagaimana sikap Presiden soal pembangunan reklamasi, khususnya Pulau G yang dibatalkan oleh Menteri Koordinator Kemaritiman Rizal Ramli tersebut.""Ya sebab surat itu belum ada. Jadi, sikapnya pemerintah saya tidak bisa jawab,"" ujar Johan.(Baca: Reklamasi Pulau G Resmi Dihentikan)Diberitakan, Deputi Gubernur Bidang Tata Ruang dan Lingkungan Hidup Oswar Muadzin Mungkasa mengirimkan surat ke Presiden Joko Widodo.Surat itu berisi permintaan agar Presiden meninjau kembali surat Menteri Koordinator Kemaritiman Rizal Ramli yang membatalkan reklamasi Pulau G di teluk utara Jakarta.Tim gabungan yang dipimpin Menko Maritim Rizal Ramli memutuskan memberhentikan reklamasi pulau G karena ada pelanggaran berat membangun di atas kabel PLN, serta mengganggu lalu lintas kapal.(Baca: APLN: Kami Tidak 'Ugal-ugalan' Soal Reklamasi Pulau G)Gubernur DKI Jakarta Basuki Tjahaja Purnama atau Ahok mengeluarkan izin reklamasi pulau G kepada PT Muara Wisesa Samudra, yang juga anak usaha PT Agung Podomoro Land Tbk, pada Desember 2014.Ahok mempertanyakan dasar pemerintah pusat menghentikan reklamasi itu. ""Kalau soal pencemaran, pulau C dan D lebih mencemarkan kalau dilihat dari peta udara, kalau dilihat dari tim kajian. Kalau dilihat, KBN (kawasan berikat nusantara) reklamasi tanpa izin kok enggak distop?"" kata Basuki.Kompas TV Reklamasi Dihentikan, Ahok Mengacu pada Keppres"
"Ahok Sebut PNS Punya Banyak Akal untuk Hindari Sanksi","2016-07-12 10:43:00",http://news.metrotvnews.com/metro/4baXw5WN-ahok-sebut-pns-punya-banyak-akal-untuk-hindari-sanksi,"Metrotvnews.com, Jakarta: Gubernur DKI Jakarta Basuki `Ahok` Tjahaja Purnama curiga ada unsur kesengajaan sehingga mesin absensi tidak pada jaringan (offline). Ia yakin, pegawai negeri sipil (PNS) punya banyak akal agar terhindar dari sanksi karena datang terlambat atau tidak masuk kerja.""Ini memang sering kok. Kita mau lihat yang sering itu yang mana, biar kita pantau,"" ujar Ahok di Balai Kota, Jalan Medan Merdeka Selatan, Jakarta Pusat, Selasa (12/7/2016).Meskipun mesin absensi PNS masih dapat mencatat kehadiran dengan cara manual. Dengan cara manual, PNS yang datang terlambat atau tidak masuk masih bisa mendapat tunjangan kinerja daerah (TKD).Ahok berencana membuat aturan Pemerintah Provinsi DKI Jakarta menjadi lebih tegas, sehingga PNS tidak lagi mencari-cari alasan. Salah satunya, Ahok tidak ingin lagi PNS mencatat kehadiran secara manual jika mesin absensi rusak lagi.""Kalau mesin absensi rusak, manual enggak berlaku, TKD enggak berlaku semua,"" jelas Ahok.Diketahui, sebanyak 1.217 mesin absensi PNS DKI Jakarta pada hari pertama masuk usai libur Lebaran. Akibatnya, ribuan PNS DKI yang masuk terpaksa mencatat kehadiran secara manual."
"Ahok Curiga Mesin Absensi PNS DKI Offline Karena Disengaja","2016-07-12 10:08:00",http://news.metrotvnews.com/metro/ZkeJ3rAK-ahok-curiga-mesin-absensi-pns-dki-offline-karena-disengaja,"Metrotvnews.com, Jakarta: Sebanyak 1.217 mesin absensi PNS DKI offline pada hari pertama masuk kerja usai libur Lebaran kemarin, Senin 11 Juli 2016. Gubernur DKI Jakarta Basuki Tjahaja Purnama alias Ahok curiga, ada kesengajaan yang dilakukan PNS agar terhindar dari sanksi karena datang terlambat atau tidak masuk kerja.""Saya belum tahu (penyebabnya apa), pengalaman saya sih kesengajaan ya. Tapi kita belum ada bukti, pengalaman kita sih kesengajaan,"" kata Ahok di Balai Kota, Jalan Medan Merdeka Selatan, Jakarta Pusat, Selasa (12/7/2016).Ahok menjelaskan, oknum PNS sering menjadikan persoalan teknis untuk dijadikan alasan. Misal, saat underpass Pondok Indah, Jakarta Selatan, terendam air usai hujan, petugas beralasan panel listrik pompa air dicuri.Padahal, kata Ahok, petugas seharusnya sudah memantau kondisi pompa ketika Jakarta akan diguyur hujan. ""Pompa itu selalu mesti baik, jawabnya santai saja, dicolong,"" ujar Ahok.Ahok megungkapkan, oknum PNS terbiasa mengambinghitamkan persoalan teknis untuk menghindari sanksi. Sewaktu mesin absensi PNS DKI  pun, Kadis Kominfomas DKI Jakarta Dian Eko Wati mengatakan, penyebab mesin absensilantaran fiber optik digigit tikus.Ahok tak sepenuhnya percaya dengan alasan tersebut. ""Makanya saya mau tahu juga tikusnya seberapa gede, demen amat makan kabel, apa diolesin keju,"" seloroh Ahok.Jumlah mesin absensi yang  pun tidak sedikit. Bekas Bupati Belitung Timur itu menegaskan akan menyelidiki penyebab mesin absensi . ""Kita selidiki bisa ketahuan kok, maennya halus di sini, halus banget,"" ungkap Ahok."
"Ahok Wajibkan Pejabat DKI Laporkan Gratifikasi ke KPK","2016-07-12 11:16:00",http://news.metrotvnews.com/metro/xkE81YZb-ahok-wajibkan-pejabat-dki-laporkan-gratifikasi-ke-kpk,"Metrotvnews.com, Jakarta: Seorang lurah dari Jakarta Selatan melaporkan penerimaan gratifikasi berupa parcel dan tea set ke Komisi Pemberantasan Korupsi (KPK). Gubernur DKI Jakarta Basuki Tjahaja Purnama alias Ahok mengaku belum mengetahui lurah mana yang melapor.""Belum tahu. Biasanya itu ada desk (divisi) gratifikasi (KPK) yang lapor,"" kata Ahok di Balai Kota, Jalan Medan Merdeka Selatan, Jakarta Pusat, Selasa (12/7/2016).Ahok mengatakan, pejabat wajib melaporkan gratifikasi apapun yang diterima ke KPK. Meski, gratifikasi hanya berupa parcel. ""Parcel juga semua harus lapor. Semua pemberian yang kita curiga, yang itu enggak boleh, harus lapor,"" ungkap Ahok.Ahok mengungkapkan, dirinya biasa melapor ke KPK jika mendapatkan pemberian barang mewah dari pihak lain. Ia bilang, ia pernah mendapatkan sebuah jam tangan.""Orang kasih jam tangan murah atau berapa juga lapor,"" ujar Ahok.Mantan Bupati Belitung Timur itu mengatakan, untuk Lebaran tahun ini ia tidak pernah lagi mendapat gratifikasi. Orang-orang sudah memahami bahwa Ahok anti gratifikasi.""Kalau ada yang kirim juga kita tolak. Pasti orang juga tahu. Di pos juga langsung ditolak,"" ungkapnya."
"Reklamasi Pulau G Dihentikan, Ahok: Rizal Ramli Ngomong Doang","2016-07-12 12:43:00",http://news.metrotvnews.com/metro/DkqJxl4K-reklamasi-pulau-g-dihentikan-ahok-rizal-ramli-ngomong-doang,"Metrotvnews.com, Jakarta: Gubernur DKI Jakarta Basuki `Ahok` Tjahaja Purnama menuding Menteri Koordinator Bidang Kemaritiman Rizal Ramli hanya sekedar bicara terkait penghentian reklamasi Pulau G. Hingga saat ini, keputusan baru dilakukan secara lisan melalui media.""Menko (Kemaritiman) belum bikin surat, cuma ngomong di media. Masa ngomong di media doang?"" sindir Ahok di Balai Kota, Jalan Medan Merdeka Selatan, Jakarta Pusat, Selasa (12/7/2016).Menurut Ahok, Rizal harusnya mengirimkan Surat Keputusan kepada Presiden Joko Widodo. ""Presiden (kemudian) mesti ratas (rapat terbatas). Kan mutusin secara rapat terbatas saya kira,"" jelasnya.Belum adaya SK membuuat Ahok belum megetahui nasib Pulau G. Pemerintah Provinsi DKI Jakarta pun belum memberikan rekomendasi solusi pada pihak pengembang, PT Muara Wisesa Samudra.""Tunggu saja, aku juga bingung,"" ungkap Ahok sambil terkekeh.Ahok sedari awal tidak setuju jika reklamasi Pulau G dihentikan. Ia menganggap pengerjaan proyek Pulau G sudah memenuhi aturan.Luas Pulau G yang awalnya sekitar 400 hektare sudah diperkecil menjadi 100 hektare untuk menghindari jalur pipa gas dan pipa listrik. ""Justru yang paling rapi pengerjaan nyaitu Pulau G, yang paling ikut aturan sama yang motong pulau semua Pulau G,"" ungkap Ahok."
"Meskipun Ada Qlue, Sidak Tetap Diperlukan","2016-07-12 13:45:00",http://news.metrotvnews.com/metro/Obz9eZ1N-meskipun-ada-qlue-sidak-tetap-diperlukan,"Metrotvnews.com, Jakarta: Aplikasi Qlue ternyata tidak menjamin kinerja pegawai Pemerintah Provinsi DKI Jakarta terpantau maksimal. Nyatanya, masih banyak lurah dan camat yang memanipulasi data.Gubernur DKI Jakarta Basuki `Ahok` Tjahaja Purnama mengungkapkan, ada lurah dan camat yang menggunakan data lampau agar terlihat kerja. Karenanya, inspeksi mendadak (sidak) ke instansi-instansi tetap harus dilakukan.Bahkan, lanjut Ahok, laporan penanganan keluhan lewat juga bisa bohong. ""Enggak semua jujur,"" katanya di Balai Kota, Jalan Medan Merdeka Selatan, Jakarta Pusat, Selasa (12/7/2016).Ahok menceritakan kasus lain, ada oknum lurah dan camat yang melaporkan keluhan ke Laporan tersebut kemudian ditindaklanjuti sendiri.""Supaya dia dapat poin di  dan mendapatkan opini yang baik,"" jelas Ahok.Guna mengantisipasi berbagai kecurangan yang mungkin dilakukan, Ahok juga menggunakan CCTV untuk melihat kebenaran laporan dari lurah dan camat. ""Memang enggak gampang, mental ini yang susah,"" ungkapnya.Meski demikian, oknum yang memanipulasi data tidak terlalu banyak. ""Di bawah 10 persen. Kita sudah tahu kan, ada lurah yang dicopot,"" ujar Ahok."
"Ahok Bimbang Putuskan Jalur Independen atau Parpol","2016-07-12 13:09:00",http://news.metrotvnews.com/metro/ybJ8aWAK-ahok-bimbang-putuskan-jalur-independen-atau-parpol,"Metrotvnews.com, Jakarta: Gubernur DKI Jakarta Basuki `Ahok` Tjahaja Purnama belum juga memutuskan jalur yang akan ia gunakan dalam Pemilihan Kepala Daerah (Pilkada) DKI Jakarta 2017. Tak ingin salah langkah, Ahok berulang kali melakukan komunikasi dengan relawan Teman Ahok.""Kan saya mesti tanya mereka (Teman Ahok), lebih kurang apa maunya gimana,"" jelas Ahok di Balai Kota, Jalan Medan Merdeka Selatan, Jakarta Pusat, Selasa (12/7/2016).Ahok berencana bertemu Teman Ahok akhir pekan ini. ""Saya belum sempat ketemu Teman Ahok, mungkin Sabtu atau kapan,"" kata Ahok.Kebimbangan Ahok cukup wajar. Teman Ahok telah berhasil mengumpulkan satu juta data KTP. Selain itu, Ahok juga mengantongi dukungan tiga partai politik, yakni Partai Nasdem, Hanura, dan Partai Golkar.Mantan Bupati Belitung Timur ini sempat berjanji akan menentukan jalur yang dipilihnya setelah Idul Fitri 1437 Hijriah. Namun, hingga sekarang Ahok masih mengulur-ngulur waktu.""Kan masih (bulan) Syawal,"" canda Ahok.Jalur apapun yang dipilih nantinya, Ahok menegaskan akan tetap menggandeng Heru Budi Hartono sebagai wakilnya. ""Cawagubnya tetap Pak Heru,"" pungkasnya."
"Dalami M Taufik, KPK Tunggu Fakta Persidangan","2016-07-12 15:17:00",http://news.metrotvnews.com/hukum/GbmAnoxb-dalami-m-taufik-kpk-tunggu-fakta-persidangan,"Metrotvnews.com, Jakarta: Komisi Pemberantasan Korupsi (KPK) menelusuri keterlibatan Wakil Ketua DPRD DKI Jakarta Mohamad Taufik dalam kasus dugaan suap pembahasan rancangan peraturan daerah mengenai reklamasi. KPK pun tengah mengumpulkan bukti untuk memastikannya.Penyidik baru menetapkan 3 orang tersangka suap raperda yakni Mantan Ketua Komisi D DPRD DKI Mohamad Sanusi, mantan Presiden Direktur PT Agung Podomoro Land Ariesman Widjaja dan Karyawan APL Trinanda Prihantoro. KPK masih mengembangkan kasus itu, termasuk menelisik keterlibatan M Taufik.""Nanti apa bisa berlanjut pada penetapan tersangka pihak-pihak lain, tergantung pada apa yang muncul di persidangan, dan pertimbangan dalam putusan hakim,"" kata Kepala Bagian Pemberitaan dan Publikasi KPK Priharsa Nugraha, di kantornya, Jalan HR Rasuna Said, Setiabudi, Jakarta Selatan, Selasa (12/7/2016).Taufik yang juga ketua Badan Legislasi Daerah itu tercatat sudah lebih dari 5 kali menjalani pemeriksaan dalam kasus suap raperda reklamasi. Nama kakak dari M Sanusi itu juga muncul dalam surat dakwaan untuk Ariesman Widjaja.Taufik disebut turut hadir dalam pertemuan di rumah Bos Agung Sedayu Group Sugianto Kusuma alias Aguan di Taman Golf Timur ll, Pantai Indah Kapuk, Jakarta Utara. Persamuhan itu membahas mengenai percepatan pengesahan Raperda tentang Rencana Tata Ruang Kawasan Strategis Pantai Utara Jakarta.Beberapa anggota DPRD lain juga disebut ikut dalam pertemuan. Mereka adalah Ketua DPRD Prasetyo Edy Marsudi, Anggota Balegda Mohamad Sangaji alias Ongen serta Ketua Fraksi PKS Selamat Nurdin.Dalam dakwaan, Taufik juga disebut telah mengubah poin mengenai kontribusi tambahan sebesar 15 persen dalam pasal raperda mengenai reklamasi. Awalnya, Sanusi yang mengubah poin tersebut atas permintaan Ariesman yang merasa keberatan dengan nilainya.Ariesman menjanjikan uang Rp2,5 miliar kepada Sanusi jika pasal tambahan kontribusi dimasukan dalam pasal penjelasan dengan menggunakan konversi. Atas permintaan itu, Sanusi menyetujuinya.Sanusi kemudian menyampaikan kepada Mohamad Taufik mengenai keberatan Ariesman. Sanusi kemudian mengubah penjelasan Pasal 110 ayat (5) huruf c menjadi 'tambahan kontribusi adalah kontribusi tambahan yang dapat diambil di awal dengan mengkonversi dari kontribusi (5 persen) yang akan diatur dengan perjanjian kerjasama antara gubernur dan pengembang'.Usulan itu ditolak Gubernur DKI Jakarta Basuki Tjahaja Purnama atau Ahok. Dia bahkan menulis disposisi ""Gila, kalau seperti ini bisa pidana korupsi"" dan mengirimkannya kepada Mohamad Taufik.Taufik kemudian memerintahkan Kepala Sub Bagian Raperda Sekretaris Dewan Provinsi DKI Jakarta Dameria Hutagalung mengubah penjelasan kontribusi tambahan. Penjelasannya menjadi ""yang dimaksud dengan kewajiban tambahan kontribusi adalah kewajiban yang disepakati dalam perjanjian kerja sama antara Pemda dan pemegang izin reklamasi dalam rangka penataan kembali daratan Jakarta, terkait dengan pelaksanaan konversi kewajiban konstruksi""."
"Polda Metro Bakal Panggil Pejabat Dinas Tata Air DKI","2016-07-12 16:29:00",http://news.metrotvnews.com/metro/zNA8nrvK-polda-metro-bakal-panggil-pejabat-dinas-tata-air-dki,"Metrotvnews.com, Jakarta: Direktorat Reserse dan Kriminal Khusus Polda Metro Jaya, berencana akan memanggil Dinas Tata Air Pemprov DKI Jakarta dalam waktu dekat. Pemanggilan ini terkait dugaan korupsi dalam kasus penemuan kulit kabel di gorong-gorong sepanjang Jalan Medan Merdeka Selatan Maret 2016 lalu.Kepala Sub Ditrektorat Tindak Pidana Korupsi Ditreskrimsus Polda Metro Jaya, AKBP Ferdy Iriawan, mengatakan lokasi gorong-gorong di Jalan Medan Merdeka Selatan berada dibawah perawatan dan pemeliharaan oleh Dinas Tata Air DKI Jakarta. Bukan oleh Suku Dinas Tata Air Jakarta Pusat.""Itu Sebab Sudin Tata Air Jakarta Pusat melempar tanggung jawab ke Dinas Tata Air,"" kata Ferdy kepada wartawan, Selasa (12/7/2016).Polisi mengendus adanya tindak pidana korupsi dalam kasus tersebut. Dari itu, akan memanggil pejabat dan mereka yang terkait dengan pemeliharaan saluran air untuk diperiksa. Oleh karena itu, Ferdy mengungkap, bakal mengebut pemberkasan pemeriksaan kasus dugaan pencurian tembaga kabel di gorong-gorong kawasan Medan Merdeka Selatan, Jakarta Pusat.Saat ini penyidik masih mengumpulkan keterangan dari sejumlah saksi, selain itu beberapa pihak pun telah diperiksa yakni PT PLN, Telkom, Suku Dinas Tata Air Jakarta Pusat dan Suku Dinas Bina Marga Jakarta Pusat. Dalam kasus ini, polisi telah menetapkan enam orang sebagai tersangka.Diketahui, Pemerintah Provinsi DKI Jakarta telah memeriksa saluran air yang diduga disabotase dijadikan tempat pembuangan kulit kabel. Kulit kabel tersebut ditemukan di saluran air di bawah Jalan Medan Merdeka Selatan.Sebelumnya, Gubernur DKI Jakarta Basuki Tjahaja Purnama berulang kali mengungkapkan kecurigaan ada yang ingin Jakarta Banjir. Ahok, begitu dia disapa, mengatakan, dugaan sabotase banjir dengan kabel juga pernah pada 2014."
"Surat Pemberhentian Reklamasi Pulau G Belum Sampai ke Presiden","2016-07-12 19:06:00",http://news.metrotvnews.com/metro/0KvVD0lK-surat-pemberhentian-reklamasi-pulau-g-belum-sampai-ke-presiden,"Metrotvnews.com, Jakarta: Pemerintah Provinsi DKI meminta pendapat Presiden Joko Widodo soal penghentian reklamasi Pulau G. Namun, surat permintaan second opinion itu belum sampai ke Presiden.""Belum sampai ke Presiden. Sampai mana suratnya saya tidak tahu. Tadi pagi saya cek tidak ada,"" ujar Juru Bicara Presiden Johan Budi di Kompleks Istana Kepresidenan, Jakarta Pusat, Selasa (12/7/2016).Pemerintah, kata Johan, belum bisa menarik kesimpulan reklamasi benar-benar dibatalkan karena Jokowi belum menerima surat apapun.Namun, detail sikap pemerintah tak bisa Johan sampaikan karena bukan domainnya. Menurutnya, Menko Kemaritiman Rizal Ramli lah yang seharusnya menjelaskan.""Saya hanya bisa menjawab apakah ada dari Pemprov. Sampai tadi saya cek tidak ada di meja Presiden,"" ucap dia.Komite Gabungan Reklamasi yang terdiri atas Kementerian Koordinator Maritim, Kementerian Kelautan Dan Perikanan dan Pemprov DKI memutuskan reklamasi Pulau G dihentikan selamanya. Dalam keputusan itu Menteri Koordinator Kemaritiman Rizal Ramli menjelaskan ada tiga poin penting soal reklamasi Teluk Utara Jakarta.Pertama, Pulau G membahayakan obyek vital strategis laut seperti lalu lintas transportasi laut dan Pulau G dibagun di atas kabel PLN. Kemudian, harus ada perbaikan di Pulau C, D dan N. Pulau-pulau ini diketahui tak berjarak. ""Yang ini boleh diteruskan, tapi diperbaiki,"" ujar Rizal kemarin.Gubernur DKI Jakarta Basuki Tjahja Purnama alias Ahok sedari awal tidak setuju jika reklamasi Pulau G dihentikan. Ia menganggap pengerjaan proyek Pulau G sudah memenuhi aturan.Luas Pulau G yang awalnya sekitar 400 hektare sudah diperkecil menjadi 100 hektare untuk menghindari jalur pipa gas dan pipa listrik. ""Justru yang paling rapi pengerjaan yaitu Pulau G, yang paling ikut aturan sama yang motong pulau semua Pulau G,"" ungkap Ahok.Usai keputusan itu, Pemprov DKI Jakarta mengirim surat ke Presiden Joko Widodo soal keputusan Komite Bersama Reklamasi Teluk Jakarta tentang penghentian reklamasi Pulau G.Surat itu bertujuan menjelaskan duduk perkara reklamasi Pulau ke Jokowi serta meminta second opinion ke Presiden."
"Gerindra DKI Pasrah ke Prabowo Soal Pencalonan Buwas Lawan Ahok","2016-07-12 05:55:00",http://rimanews.com/nasional/politik/read/20160712/291552/Gerindra-DKI-Pasrah-ke-Prabowo-Soal-Pencalonan-Buwas-Lawan-Ahok,"Rimanews - Politisi Gerindra M Taufik menanggapi munculnya nama Ketua BNN dan eks Kabareskrim Komjen Pol Budi Waseso yang digadang-gadang untuk menantang calon petahana Basuki Tjahaja Purnama alias Ahok di Pilgub DKI 2017.Ketua DPD Gerindra DKI Jakarta itu mengaku menyerahkan sepenuhnya yang menjadi keputusan Dewan Pimpinan Pusat (DPP) Gerindra dan Ketua Umumnya Prabowo Subianto.""Yah terserah DPP (Ketua Umum) saja. DPD ikut keputusan Ketua Umum, yang jelas kami sudah melaksanakan sesuai dengan mekanisme yang ada,"" ungkap M Taufik, Senin (11/7/2016).Wakil Ketua DPRD DKI itu menegaskan bahwa perihal figur yang dicalonkan partainya diserahkan sepenuhnya sesuai mekanisme Partai. Kata dia, DPD sudah menyerahkan tiga nama kandidat untuk bertarung memperebutkan kursi DKI 1 yaitu Sandiaga Uno, Syafrie Syamsudin, dan Yusril Ihza Mahendra.""Saya kira sesuai mekanis partai saja. DPD sudah menyerahkan 3 nama yaitu Sandiaga Uno, Syafrie Syamsudin dan Yusril Ihza Mahendra,"" tukasnya.Sebelumnya, Taufik bersama Ketua DPD DKI Demokrat Nachrowi Ramli, Ketua DPW DKI PKS M Syakir Purnomo, telah hadir dan berbuka puasa di kediaman Syafrie Syamsudin Jl. Sisingamangaraja 9 Kebayoran Baru Jakarta Selatan.""Kita diundang untuk buka puasa bersama, sekaligus ngobrol-ngobrol soal Gubernur DKI ke depan. Pak Syafrie di Gerindra salah satu calon. Alhamdulillah mendapat respon positif tinggal kami menyampaikan ke DPP masing-masing,"" kata Taufik, Selasa (5/7/2016).Sementara itu, hal berbeda dilontarkan Waketum Gerindra Sufmi Dasco Ahmad yang menyebut peluang Buwas untuk diusung partainya semakin besar.""Peluang Budi Waseso untuk maju sebagai calon Gubernur DKI yang diusung Gerindra semakin membesar. Kami mengusulkan Buwas akan diduetkan sebagai Cagub berdampingan dengan Sandiaga Uno sebagai Cawagub,"" ujar Sufmi, Sabtu (9/7/2016)."
"Mumpung Lebaran, Habiburokhman Desak Teman  Ahok Minta Maaf","2016-07-12 06:45:00",http://rimanews.com/nasional/politik/read/20160712/291556/Mumpung-Lebaran-Habiburokhman-Desak-Teman-Ahok-Minta-Maaf,"Rimanews - Politikus partai Gerakan Indonesia Raya (Gerindra) Habiburokhman menyerukan supaya Teman  Ahok memanfaatkan momentum lebaran untuk meminta maaf kepada masyarakat karena telah melakukan kecurangan dalam mengumpulkan KTP.""Para pencuri KTP, penipu klaim KTP  buruan gih minta maaf sama rakyat, mumpung masih suasana lebaran,"" kata Ketua Bidang Advokasi DPP Partai Gerindra itu via akun Twitter, Selasa (12/07/2016).Baca: Teman Ahok Curang Kumpulkan KTP, Habiburokhman: Yang Benar Om GantengSebelumnya, pria yang berprofesi sebagai pengacara itu menyebut jika Teman Ahok melakukan sejumlah propaganda untuk menutupi kecurangan tersebut.Propaganda pertama, menurut Habiburokhman, adalah Teman Ahok mengklaim pihaknya telah disusupi pihak lawan. Kedua, setuju Gubernur Basuki Tjahaja Purnama (Ahok) maju lewat jalur partai politik pada Pilkada DKI 2017 mendatang.""Umumkan bahwa akan maju lewat Parpol untuk buktikan tidak ada deparpolisasi,"" katanya Senin, (27/06/2016).Jurus ketiga yang dipakai relawan pngumpul Kartu Tanda Penduduk (KTP) adalah menelan ludah sendiri dengan memuji parpol, padahal sebelumnya mencela. ""Aktifkan mode jilat ludah sendiri, puja-puji parpol yang dulu mereka caci-maki,"" pungkasnya.Seperti diketahui, Teman Ahok dan Habiburokhman terlibat perang verbal yang sengit, terutama di media sosial. Hal ini menyusul pernyataan Habiburokhman bahwa dirinya bakal terjun dari Monas jika Teman Ahok berhasil  mengumpulkan 1 juta KTP sebagaimana yang disyaratkan Komisi Pemilihan Umum (KPU) untuk calon gubernur dari jalur independen.Baca juga: Ahok Ngebet Dukungan PDIP, Habiburokhman: Makanya Jangan Takabur "
"Tolak Ahok, Ratna Sarumpaet: Kemampuannya Baru Kelas Ketua Proyek","2016-07-12 08:00:00",http://rimanews.com/nasional/politik/read/20160712/291563/Tolak-Ahok-Ratna-Sarumpaet-Kemampuannya-Baru-Kelas-Ketua-Proyek,"Rimanews - Aktivis Hak Asasi Manusia Ratna Sarumpaet menyebut Basuki Tjahaja Purnama (Ahok) baru sekelas pimpinan proyek, sehingga tak patut menjabat Gubernur DKI.Selain itu, menurut Ratna, Ahok terlibat kasus korupsi. Pernyataan ibu dari aktris antik Atikah Hasiholan ini adalah untuk menampik tudingan netizen jika dirinya membenci Ahok karena latar belakang SARA.""Salah!! Aku tidak ingin Ahok @basuki_btp jd Gubernur DKI, karna kemampuannya baru kelas KEPALA PROYEK dan DIA KORUP,"" tegasnya via akun Twitter, yang dipantau (12/07/2016)Sebelumnya, Ratna pernah menyebut jika Ahok telah sempurna melakukan kejahatan kepada rakyat, sehingga tidak perlu lagi dicari kesalahan yang lain.  ""Kejahatan Kemanusian yang dilakukan Ahok pada rakyat sudah sempurna dan tercatat. Tak perlu dijelek-jelekkan,"" kata Ratna, dengan menyebut akun milik Ahok @basuki_btp.Ahok, jelas Ratna, sadis dalam menggusur rakyat miskin. Perempuan yang aktif turun ke jalan melakukan demonstrasi ini juga pernah menyebut Ahok sebagai penipu dan tak tahu diri.Baca juga: KPK Tantang Ratna Sarumpaet Buktikan Tudingannya ke Ahok"
"Ahok Curiga 1.212 Mesin Absensi Sengaja Dirusak Oknum PNS DKI","2016-07-12 10:17:00",http://rimanews.com/nasional/politik/read/20160712/291627/Ahok-Curiga-1-212-Mesin-Absensi-Sengaja-Dirusak-Oknum-PNS-DKI,"Rimanews - Sebanyak 6.072 PNS DKI diduga membolos pada hari pertama kerja usai cuti bersama libur lebaran, kemarin. Besarnya jumlah presensi PNS DKI tak masuk kerja itu turut dipicu dengan rusak atau off line-nya 1.217 mesin absensi yang tersebar di seluruh kantor Pemprov DKI.Gubernur DKI Jakarta Basuki Tjahaja Purnama (Ahok) mengaku tak heran dengan fonemana tersebut. Dia justru menaruh curiga bahwa rusaknya ribuan absen tersebut sengaja dilakukan oleh oknum PNS pemalas.""Pengalaman saya sih ada kesengajaan. Tapi kita belum ada bukti,"" ujar Ahok di Balai Kota Jakarta, Selasa (12/07/2016).Menurut Gubernur, perbuatan memalukan PNS DKI tersebut sejatinya bisa diselediki. Dia pun menepis adanya alasan bahwa kerusakan mesin absensi yang mencapai ribuan tersebut karena kabel yang digigit tikus.""Kita selidiki bisa ketahuan kok. Di sini itu mainnya halus, halus banget,"" imbuhnya.Terdeteksinya ribuan mesin absensi beserta besarnya angka PNS bolos sebelumnya terungkap ketika Wakil Gubernur DKI Jakarta Djarot Siaful Hidayat melakukan inspeksi mendadak kehadiran PNS di lingkungan Balai Kota DKI Jakarta.Berdasarkan data Badan Kepegawaian Daerah (BKD) DKI Jakarta, total jumlah mesin absensi diseluruh kantor kelurahan, kecamatan, puskesmas hingga kantor SKPD dan UKPD DKI terdapat 4.317 mesin.Dari jumlah tersebut, mesin absensi yang online ada sebanyak 3.100 mesin atau 71,8 persen. Sedangkan yang offline ada sebanyak 1.217 mesin atau 28,2 persen.""Mesin offline ada sebanyak 1.217 unit. Ini yang lagi kita cek. Kalau mesin absensi yang offline itu di sekolahan, mungkin masih kita maklumin karena masih libur. Tetapi kalau offlinenya di tempat-tempat pelayanan seperti kantor kelurahan, kecamatan, puskesmas, SKPD dan UKPD yang terkait pelayanan masyarakat, ini mesti kita dalamin mengapa bisa offline,"" kata Djarot"
"Datang ke Jakarta, Program Membangun Desa Tak Berjalan","2016-07-12 11:05:00",http://rimanews.com/nasional/peristiwa/read/20160712/291646/Datang-ke-Jakarta-Program-Membangun-Desa-Tak-Berjalan,"Rimanews - Sebanyak 72.649 jiwa akan masuk ke Jakarta pada hari ini  pasca libur lebaran. Hal ini dinilai bisa menjadi preseden buruk bagi Presiden Joko Widodo (Jokowi). Pasalnya, dikhawatirkan program membangun desa sebagaimana yang didengungkan pemerintah bisa tidak berjalan.""Program Jokowi membangun Indonesia dari desa hanya sebatas retorika dan slogan,"" kata anggota DPR RI, Sodiq Mudjahid di Gedung DPR RI, Jakarta, Selasa (12/0/2016).Selain itu, jika masih  banyak warga urban kota-kota  besar seperti Jakarta, maka dana pembangunan desa yang digelontorkan triliun oleh pemerintah melalui Kementerian Desa tidak berjalan sesuai harapan dan yang direncanakan""Harus ada evaluasi yang sunguh-sungguh terhadap semua program.pemberdayaan masyarakat desa yang dilakukan oleh banyak kementrian selain Kementerian Desa yakni Kementrian UKM, Kemensos, Kementan dan lain sebagainya,"" kata Sodiq.Politisi Partai Gerindra itu juga meminta kepada Pemerintah DKI Jakarta untuk makin proaktif menahan urban masuk dengan bekerjasama antara pemrintah provinsi pensuplai tenaga unskiIlled yang masuk ke Jakarta.Sementara Gubernur DKI Jakarta, Basuki Tjahaja Purnama alias Ahok mempersilahkan siapa saja masuk ke Jakarta.""Namanya juga Ibu Kota, siapa pun boleh datang mengadu nasib,"" kata Ahok saat halal bihalal di Balai Kota, Senin (11/07/2016).Ahok yang memberi catatan agar para pendatang tidak menempati lahan-lahan kosong dan membuat bangunan liar. Jika ngotot, Ahok tetap mengancam akan membongkar dan mengusir para pendatang ini.Kata Ahok, pihaknya akan terus mengusahakan rumah-rumah susun untuk mengakomodasi permukiman bagi pendatang ibu kota dari daerah-daerah. ""Yang paling masalah, kalau kami enggak bisa menyediakan rusun yang banyak,"" kata Ahok.Terkait operasi Yustisi yang akan ditiadakan, Ahok beralasan kegiatan tersebut tidak lagi efektif untuk dilaksankan. ""Yang penting kalau dia enggak punya duit lagi, suruh pulang kampung saja,"" katanya enteng."
"Mesin Absensi Rusak, Ahok Ancam ""Sunat"" Tunjangan Seluruh PNS DKI","2016-07-12 11:07:00",http://rimanews.com/nasional/politik/read/20160712/291647/Mesin-Absensi-Rusak-Ahok-Ancam-Sunat-Tunjangan-Seluruh-PNS-DKI,"Rimanews - Gubernur DKI Jakarta Basuki Tjahaja Purnama (Ahok) mengancam akan membuat sistem kerja yang lebih kejam mengingat kecurigaan dirinya tentang 1.217 mesin absen yang sengaja dirusak oknum PNS DKI di hari pertama kerja usai cuti lebaran.Dia mengatakan, bisa saja melarang PNS DKI melakukan absen manual ketika mesin absen elektronik rusak atau off line. Sebab, bagaimana pun keberadaan kompensasi absensi manual kerap dimanfaatkan oknum PNS malas.""Kalau lama-lama terus kayak gini, kita akan bikin sistem yang lebih kejam. Kalau alat rusak, ya kamu harus perbaiki. Kalau enggak bisa perbaiki ya sudah, satu hari itu semua (PNS) tidak dapat TKD (tunjangan kinerja daerah),"" ujar Ahok di Balai Kota Jakarta, Selasa (12/07/2016).""Kalau kayak gini bisa manual, padahal hadirnya kesiangan atau bisa juga enggak hadir. Makanya sudah biasa lah kayak gitu,"" tambahnya.Menanggapi fenomena banyaknya PNS hingga 6.072 yang tak masuk kerja di hari pertama usai cuti lebaran, Ahok mengaku tak heran. Dia justru menaruh curiga bahwa rusaknya ribuan absen tersebut sengaja dilakukan oleh oknum PNS pemalas.Untuk saat ini Gubernur mengakui belum ada sanksi tegas atau pun pemotongan TKD yang akan diberlakukan akibat kasus tersebut.""Karena alasan rusak makanya dia buat (absen) manual. Kecuali kita buat yang kejam ya, kalau mesin absensi rusak, manual enggak berlaku, TKD enggak berlaku semua, kalau mesin absensi rusak beneran bagaimana? Ya sial di elu deh itu,"" tegasnya."
"Ahok Tantang Menko Rizal Keluarkan Surat Penghentian Reklamasi Pulau G","2016-07-12 12:30:00",http://rimanews.com/nasional/politik/read/20160712/291688/Ahok-Tantang-Menko-Rizal-Keluarkan-Surat-Penghentian-Reklamasi-Pulau-G,"Rimanews - Gubernur DKI Jakarta Basuki Tjahaja Purnama (Ahok) menyebut dirinya belum yakin tentang keputusan penghentian pelaksanaan reklamasi di atas pulau G milik PT. Agung Podomoro Land (APL) oleh Menko Kemaritiman Rizal Ramli.Menurutnya, jika hal tersebut benar-benar diputuskan, harusnya Menteri Rizal mengeluarkan surat resmi.""Menko belum bikin surat, cuma ngomong di media kan. Masa cuma ngomong di media doang,"" ujar Ahok di Balai Kota, Selasa (12/7/2016).Ketika surat penghentian pelaksanaan keluar dengan berbagai alasannya, sambung Ahok, keputusan pemberhentian tersebut harus diketuk Presiden melalui rapat terbatas (Ratas). Sebab bagaimana pun, menurut Ahok, pelaksanaan pengerukan laut menjad daratan tersebut atas dasar Keputusan Presiden (keppres) Nomor 52 Tahun 1995.""Dia (Menko Rizal) harus kirim (surat) ke Presiden, mesti Ratas kan, diputusin secara rapat terbatas saya kira,"" ungkapnya.Ketidakyakinan orang nomor 1 di DKI itu akan penghentian reklamasi pun diungkapkan lantaran tidak ada keputusan untuk menghentikan reklamasi di atas pulau G berdasarkan hasil kerja tim gabungan lintas Kementerian.""Dari tim waktu kajian gak ada nyebutin membatalkan pulau G, gak ada menyebutkan dia melewati pipa gas dan pipa PLN,"" terang Ahok.Sebelumnya, Menko Rizal memutuskan untuk menghentikan reklamasi Pulau G untuk selamanya karena telah melakukan pelanggaran berat.""Reklamasi Pulau G memenuhi unsur pelanggaran berat, jadi kita hentikan untuk selamanya,"" kata Rizal saat memimpin Rakor bersama Tim Gabungan di kantornya, Gedung BPPT, Jakarta, Kamis.Dalam kasus reklamasi, sambung Rizal, ada 3 kriteria pelanggaran, yaitu berat, sedang dan ringan.""Pulau G dihentikan karena ditemukan pelanggaran berat. Seperti banyak kabel listrik di dasar laut milik PLN sehingga mengganggu lalu lintas dan membahayakan lingkungan hidup,"" pungkas Rizal."
"DKI Kembali Lakukan Pemutihan Pajak Kendaraan dan PBB Hingga 2 Agustus","2016-07-12 15:04:00",http://rimanews.com/ekonomi/read/20160712/291738/DKI-Kembali-Lakukan-Pemutihan-Pajak-Kendaraan-dan-PBB-Hingga-2-Agustus,"Rimanews - Pemerintah Provinsi DKI Jakarta kembali memberi kelonggaran bagi wajib pajak dengan dengan menghapus atau memutihkan sanksi administrasi Pajak Kendaraan Bermotor (PKB) dan Bea Balik Nama Kendaraan Bermotor (BBNKB). Pemutihan ini akan dilakukan pada 2 Juli hingga 2 Agustus 2016.Gubernur DKI Jakarta Basuki Tjahaja Purnama (Ahok) mengakui bahwa dirinya sudah memberikan persetujuan untuk penerapan pemutihan pajak. Bahkan, pengampunan tersebut juga berlaku bagi pajak bumi dan bangunan (PBB).""Kayaknya saya sudah tanda tangan, kayak pemutihan begitu. Kayaknya udah ada. Termasuk PBB juga,"" katanya di Balai Kota DKI Jakarta, Selasa (12/7/2016).Menurutnya, pemberian kelonggaran tersebut tak lain untuk menambah angka wajib pajak yang otomatis akan berdampak bagi penerimaan pajak.""Kalau itu enggak dihapus, orang yang (mau bayar pajak) ditambah denda-denda kan jadi enggak bisa bayar. Utang kan? Kalau kamu mau bayar mesti lunasin utang yang lama enggak sanggup juga,"" terangnya.Sebelumnya, Kepala Dinas Pelayanan Pajak (DPP) DKI Jakarta, Agus Bambang Setyowidodo mengatakan, kebijakan dilakukan dalam rangka peningkatan penerimaan pajak daerah.""Kebijakan ini untuk menarik wajib pajak membayarkan pajak kendaraan bermotor yang sudah lewat,"" kata Agus.Baca juga: DKI Bebaskan Denda Pajak dan Bea Balik Nama Kendaraan Mulai Hari IniPenghapusan sanksi administrasi dilakukan dengan cara penyesuaian sistem PKB dan BBNKB terhadap wajib pajak yang telah berakhir masa pajaknya. Kebijakan ini hanya berlaku hingga tanggal 2 Agustus mendatang saja.Setelah batas waktu yang ditetapkan maka akan dikenakan sanksi administrasi sesuai dengan ketentuan peraturan perpajakan daerah.""Pemberian pelayanan penghapusan sanksi administrasi PKB dan BBNKB dilaksanakan pada Kantor Unit Pelayanan di seluruh Kantor Bersama Samsat,"" ujarnya."
"Ahok Pecat-pecatin Lurah Pemalsu Laporan Qlue","2016-07-12 15:36:00",http://rimanews.com/nasional/politik/read/20160712/291748/Ahok-Pecat-pecatin-Lurah-Pemalsu-Laporan-Qlue,"Rimanews - Gubernur DKI Jakarta, Basuki Tjahaja Purnama (Ahok) mengakui masih banyak modus manipulasi laporan Qlue yang dilakukan lurah-lurah di Jakarta. Modusnya, mereka melaporkan sendiri permasalahan yang terjadi, kemudian dikerjakan agar mendapatkan poin.""Kayak dulu masih ada laporan Qlue, oknum masih bohong. Jadi dia lapor sendiri langsung dia beresin sendiri supaya dapat poin. Makanya sistemnya kami perbaikin lagi,"" kata Ahok, di Balai Kota DKI Jakarta, seperti dilansir dari situs milik Pemprov DKI, beritajakarta, Selasa (12/07/2017).Ahok mencatat ada sekitar 10 persen laporan Qlue yang dimanipulasi. Beberapa lurah sudah dicopot akibat memanipulasi laporan. ""Enggak banyak yang dimanipulasi, di bawah 10 persen. Kami sudah tahu, kan ada lurah yang dicopot,"" tutur Gubernur. Oleh sebab itu, Ahok menegaskan inspeksi mendadak (sidak) di kelurahan-kelurahan masih diperlukan karena meski telah menggunakan sistem berbasis elektronik, masih banyak oknum pegawai negeri sipil (PNS) yang bermain.""Sidak masih perlu karena masih ada beberapa oknum bohongin. Jadi kayak laporan WA (whatsapp) pun nggak semua jujur,"" tandas mantan anggota Komisi II DPR dari Fraksi Golkar itu. "
"Ahok Penasaran Bertemu Tikus Tukang Gigit Kabel Mesin Absen DKI","2016-07-12 17:57:00",http://rimanews.com/nasional/politik/read/20160712/291780/Ahok-Penasaran-Bertemu-Tikus-Tukang-Gigit-Kabel-Mesin-Absen-DKI,"Rimanews - Gubernur DKI Jakarta Basuki Tjahaja Purnama (Ahok) kerap dipusingkan dengan alasan anak buahnya tentang kerusakan berbagai komponen karena digigit tikus. Gubernur pun sampai penasaran ingin bertemu tikus-tikus nakal itu.Terakhir, Ahok mengaku mendapatkan laporan tentang kerusakan mesin absen hingga membuat 6.072 diduga membolos di hari pertama kerja usai cuti bersama Hari Raya Idul Fitri, kemarin.""Makanya, saya mau tahu juga tikusnya berepa gede sih, demen amat makan kabel. Apa jangan-jangan kabelnya diolesin keju kan,"" kata dia, di Balai Kota Jakarta, Selasa (12/7/2016).Sebelumnya, Ahok pun dibuat terheran-heran dengan alasan yang sama ketika underpass Pasar Gembrong tergenang lantaran mesin pompa tak berfungsi ketika debit air di kawasan tersebut meninggi karena hujan. Alasannya petugas pun sama karena kabel digigit tikus hingga pada akhirnya mesin pompa tak menyala.""Kayak dulu di Pasar Gembrong itu lebih lucu kan jawabannya, digigit tikus. Saya datangin. Kabelnya segede gitu kok, tikusnya segede gimana mulutnya. Sampai ada yang bilang, 'bukan pak, plus minusnya terbalik',"" ujar dia.Terdeteksinya ribuan mesin absensi beserta besarnya angka PNS bolos sebelumnya terungkap ketika Wakil Gubernur DKI Jakarta Djarot Siaful Hidayat melakukan inspeksi mendadak kehadiran PNS di lingkungan Balai Kota DKI Jakarta.Berdasarkan data Badan Kepegawaian Daerah (BKD) DKI Jakarta, total jumlah mesin absensi diseluruh kantor kelurahan, kecamatan, puskesmas hingga kantor SKPD dan UKPD DKI terdapat 4.317 mesin. Dari jumlah itu, mesin absensi yang online ada sebanyak 3.100 mesin atau 71,8 persen. Sedangkan yang offline ada sebanyak 1.217 mesin atau 28,2 persen.""Mesih offline ada sebanyak 1.217 unit. Ini yang lagi kita cek. Kalau mesin absensi yang offline itu di sekolahan, mungkin masih kita maklumin karena masih libur. Tetapi kalau offlinenya di tempat-tempat pelayanan seperti kantor kelurahan, kecamatan, puskesmas, SKPD dan UKPD yang terkait pelayanan masyarakat, ini mesti kita dalamin mengapa bisa offline,"" kata Djarot"
"Ahok: Lewat Parpol Atau Independen, Cawagubnya Tetap Pak Heru!","2016-07-12 18:54:00",http://rimanews.com/nasional/politik/read/20160712/291799/Ahok-Lewat-Parpol-Atau-Independen-Cawagubnya-Tetap-Pak-Heru-,"Rimanews - Calon petahana Gubernur DKI Jakarta Basuki Tjahaja Purnama (Ahok) mengaku masih bimbang untuk menentukan diri maju Pilkada DKI lewat jalur perseorangan atau mengandalkan mesin partai politik.Namun, satu yang bisa dipastikan pria kelahiran Manggar, Belitung Timur itu menyatakan akan tetap menggandeng PNS berprestasi Heru Budi Hartono apapun jalur yang akan ditempuhnya. ""Cawagubnya tetap Pak Heru,"" ujar Ahok, di Balai Kota Jakarta, Selasa (12/7/2016).Paling tidak, lanjut Ahok, perlu konsolidasi tepat untuk menentukan jalur untuknya maju di Pilkada DKI dengan relawannya 'Teman Ahok'. Heru merupakan seorang birokrat karier di Pemerintah Provinsi DKI yang kini menjabat sebagai Kepala Badan Pengelola Keuangan dan Aset Daerah (BPKAD).Beberapa bulan lalu, Ahok pernah menyatakan akan maju bersama Heru melalui jalur independen. Saat itu, belum ada partai politik yang menyatakan dukungannya untuk Ahok. Namun kini, ada tiga parpol yang sudah menyatakan dukungannya kepada Ahok, yakni Partai Nasdem, Hanura, dan Golkar. Jika digabungkan perolehan kursi ketiga partai itu di DPRD DKI mencapai 24 kursi, atau sudah memenuhi syarat untuk mengusung pasangan calon kepala daerah sendiri. "
"Adian Napitupulu Ibaratkan 'Teman Ahok' ABG Jadi Pelacur","2016-07-12 19:15:00",http://rimanews.com/nasional/politik/read/20160712/291801/Adian-Napitupulu-Ibaratkan-Teman-Ahok-ABG-Jadi-Pelacur,"Rimanews - Relawan Teman Ahok justru akan menciptakan blunder baru bagi Calon Gubernur DKI Jakarta, Basuki Tjahaja Purnama (Ahok). Sebab, Teman Ahok terlalu banyak mengumbar aneka janji, kepada warga Jakarta, terutama warga yang telah menyerahkan KTP untuk mendukung Ahok.Apalagi, Ahok mulai berpikir untuk bertarung melalui jalur partai ketimbang independen. ""Ahok berpikir justru saat klaim 1 juta KTP sudah dibuatkan pestanya. Ini Blunder,"" kata Politikus PDIP Adian Napitupulu, Selasa (12/07/2016).Kata Adian, hal itu sangat aneh. Sebab, saat Teman Ahok baru lima orang, Ahok sangat yakin. Tapi ketika Teman Ahok bertambah menjadi 1 juta kenapa Ahok ragu. ""Keraguan Ahok ini menular dan membuat Rakyat berpikir, kenapa harus ragu, jika dari satu juta KTP itu tidak ada yang palsu. Aneh,"" ungkapnya.Kata Adian, lima pendiri Relawan Teman Ahok, yakni Amalia Ayuningtyas (23), Aditya Yogi Prabowo (24), Richard Handris Purwasaputra (23), Singgih Widiyastomo (22), Muhammad Fathony (24), tidak pernah berlatih politik.Dia mengibaratkan lima orang pendiri Teman Ahok itu seperti Spiderman. ""Ini sama seperti menonton film tentang anak muda culun yang tiba tiba jadi superhero karena digigit laba-laba yang teradiasi. Film yang enak ditonton tapi sungguh tidak layak di percaya apalagi diikuti,"" kata dia.Untuk menilai sebuah cerita itu bohong atau tidak, cukup dengan menggunakan nalar. Semakin heroik sebuah cerita maka sebenarnya semakin besar kebohongan dibaliknya.Menurut Adian, cerita lima anak muda yang tidak mengerti bisnis, tapi mendadak sanggup mengelola modal Rp500 juta menjadi berlipat 1.300 persen dalam waktu satu tahun tentu  cerita yang sangat Heroik. Selain itu, cerita lima anak muda yang mengumpulkan 770.000 KTP dalam delapan bulan lalu dibakar, kemudian mengumpulkan lagi satu juta KTP baru lengkap dengan Formulir bertanda tangan hanya dalam waktu 90 hari tentu cerita yang amat sangat Heroik. Menurut Adian, dua cerita yang heroik luar biasa itu tentu sangat dekat dengan kebohongan.""Teman Ahok pernah merayakan perolehan 1 juta KTP tanggal 20Juni, tapi lucunya hitung manual baru mereka lakukan 29 Juni, sembilan hari kemudian. Nah lho, mana yang bohong, perayaannya yang bohong atau hitung manualnya yang bohong?,"" ungkap Adian.Tak hanya itu, Adian juga mengibaratkan Teman Ahok mirip kisah gadis ABG yang lugu dan polos. ""Kemudian datang germo yang menjanjikan mereka panggung penuh kilatan blitz kamera. Sang Germo memberi mimpi bahwa setelah populer maka uang segera menyusul,"" kata dia.Gemuruh sorak sorai dan pujian membuat ABG lugu  semakin larut lalu mabuk terlena dan tidak mampu membedakan mana yang nyata mana yang palsu, mana yang benar dan mana yang bohong. ""Pelan tapi pasti gadis ABG itu sudah berubah menjadi ""pelacur"" politik baru, berbohong, menjebak, bersiasat, manipulatif tapi tetap berwajah aneh,"" tandas Adian."
